time_seconds,cpu_util,gpu0_power,gpu0_util,gpu0_temp,total_power
0.0003662109375,4.9,71.2,0.0,81.0,71.2
3.2907958030700684,5.8,43.59,1.0,79.0,43.59
3.3373141288757324,4.3,43.59,1.0,79.0,43.59
3.384112596511841,4.3,43.64,3.0,79.0,43.64
3.4298911094665527,4.4,43.64,3.0,79.0,43.64
3.4764442443847656,4.3,43.7,3.0,79.0,43.7
3.5225157737731934,4.3,43.7,3.0,79.0,43.7
3.5690195560455322,4.3,43.78,3.0,79.0,43.78
3.615211248397827,5.4,43.78,3.0,79.0,43.78
3.6612229347229004,3.3,43.78,3.0,79.0,43.78
3.7080397605895996,5.4,43.86,3.0,79.0,43.86
3.7537994384765625,4.4,43.86,3.0,79.0,43.86
3.800241708755493,4.3,43.93,4.0,79.0,43.93
3.8468263149261475,5.4,43.93,4.0,79.0,43.93
3.8934500217437744,4.3,43.99,3.0,79.0,43.99
3.9394142627716064,3.3,43.99,3.0,79.0,43.99
3.9862945079803467,5.3,44.06,3.0,79.0,44.06
4.032178640365601,3.3,44.06,3.0,79.0,44.06
4.078271150588989,5.4,44.12,3.0,79.0,44.12
4.124559640884399,4.3,44.12,3.0,79.0,44.12
4.171381235122681,4.3,44.2,3.0,79.0,44.2
4.21748423576355,4.3,44.2,3.0,79.0,44.2
4.263207197189331,4.4,44.2,3.0,79.0,44.2
4.309460401535034,4.3,44.26,3.0,79.0,44.26
4.35596776008606,5.4,44.26,3.0,79.0,44.26
4.401659250259399,3.3,44.31,3.0,79.0,44.31
4.447975397109985,4.3,44.31,3.0,79.0,44.31
4.493734359741211,5.4,44.31,3.0,79.0,44.31
4.540808439254761,3.3,44.31,3.0,79.0,44.31
4.587644577026367,5.3,44.31,3.0,79.0,44.31
4.634426116943359,4.3,44.31,3.0,79.0,44.31
4.680380344390869,4.3,44.28,3.0,79.0,44.28
4.726989984512329,5.4,44.28,3.0,79.0,44.28
4.773511648178101,4.3,44.28,3.0,79.0,44.28
4.819265127182007,4.3,44.28,3.0,79.0,44.28
4.865694999694824,4.3,44.28,3.0,79.0,44.28
4.912450790405273,4.3,44.28,3.0,79.0,44.28
4.9581615924835205,4.4,44.28,3.0,79.0,44.28
5.004069566726685,5.4,44.28,4.0,79.0,44.28
5.050687551498413,4.3,44.28,4.0,79.0,44.28
5.097521781921387,4.3,44.3,3.0,79.0,44.3
5.143289566040039,4.4,44.3,3.0,79.0,44.3
5.190510034561157,5.3,44.29,3.0,79.0,44.29
5.23636531829834,3.3,44.29,3.0,79.0,44.29
5.282620668411255,5.4,44.29,3.0,79.0,44.29
5.328502178192139,4.3,44.29,3.0,79.0,44.29
5.3754918575286865,4.3,44.29,3.0,79.0,44.29
5.421140670776367,4.4,44.29,3.0,79.0,44.29
5.467419385910034,4.3,44.29,3.0,79.0,44.29
5.513807535171509,5.3,44.3,3.0,79.0,44.3
5.559519529342651,3.3,44.3,3.0,79.0,44.3
5.604990243911743,4.4,44.31,4.0,79.0,44.31
5.651675462722778,4.3,44.31,4.0,79.0,44.31
5.697453022003174,4.3,44.32,3.0,79.0,44.32
5.743633985519409,6.5,44.32,3.0,79.0,44.32
5.790841341018677,3.2,44.33,3.0,79.0,44.33
5.839402437210083,9.4,44.33,3.0,79.0,44.33
5.88605523109436,4.3,44.33,3.0,79.0,44.33
5.9326865673065186,4.3,44.33,3.0,79.0,44.33
5.979056119918823,4.3,44.32,3.0,79.0,44.32
6.0254738330841064,4.3,44.32,3.0,79.0,44.32
6.071798801422119,4.3,44.23,3.0,79.0,44.23
6.118252992630005,5.3,44.23,3.0,79.0,44.23
6.16446590423584,3.3,44.23,3.0,79.0,44.23
6.211061239242554,5.4,44.09,3.0,79.0,44.09
6.257508039474487,3.3,44.09,3.0,79.0,44.09
6.303390979766846,4.4,43.99,3.0,79.0,43.99
6.349208116531372,5.4,43.99,3.0,79.0,43.99
6.3965864181518555,4.3,43.88,3.0,79.0,43.88
6.442580461502075,4.4,43.88,3.0,79.0,43.88
6.48885178565979,4.3,43.74,3.0,79.0,43.74
6.535308599472046,4.3,43.74,3.0,79.0,43.74
6.581243991851807,5.4,43.6,3.0,79.0,43.6
6.62786602973938,3.3,43.6,3.0,79.0,43.6
6.674350023269653,5.4,43.49,3.0,79.0,43.49
6.7208945751190186,5.4,43.49,3.0,79.0,43.49
6.7667388916015625,4.3,43.49,3.0,79.0,43.49
6.813150405883789,4.3,43.4,3.0,79.0,43.4
6.859643220901489,3.3,43.4,3.0,79.0,43.4
6.905435085296631,5.4,43.3,3.0,79.0,43.3
6.951175212860107,4.4,43.3,3.0,79.0,43.3
6.997629404067993,4.3,43.19,3.0,79.0,43.19
7.043630599975586,4.3,43.19,3.0,79.0,43.19
7.090850114822388,5.3,43.09,3.0,79.0,43.09
7.1380815505981445,3.2,43.09,3.0,79.0,43.09
7.184659242630005,5.3,43.05,3.0,79.0,43.05
7.230285167694092,3.3,43.05,3.0,79.0,43.05
7.276530981063843,5.4,43.06,3.0,79.0,43.06
7.32275915145874,4.3,43.06,3.0,79.0,43.06
7.3689165115356445,4.3,43.08,3.0,79.0,43.08
7.414763450622559,4.4,43.08,3.0,79.0,43.08
7.46184229850769,4.3,43.08,3.0,79.0,43.08
7.508033990859985,4.3,43.1,3.0,79.0,43.1
7.555475950241089,5.3,43.1,3.0,79.0,43.1
7.6020917892456055,3.3,43.25,3.0,79.0,43.25
7.648527383804321,5.3,43.25,3.0,79.0,43.25
7.695302963256836,3.3,43.38,3.0,79.0,43.38
7.741775751113892,6.4,43.38,3.0,79.0,43.38
7.7883782386779785,4.3,43.48,3.0,79.0,43.48
7.834606885910034,4.3,43.48,3.0,79.0,43.48
7.881519556045532,4.3,43.55,3.0,79.0,43.55
7.927986145019531,4.3,43.55,3.0,79.0,43.55
7.9744439125061035,4.3,43.64,3.0,79.0,43.64
8.02066159248352,5.4,43.64,3.0,79.0,43.64
8.06706953048706,3.3,43.64,3.0,79.0,43.64
8.114284992218018,5.3,43.74,3.0,79.0,43.74
8.161008596420288,4.3,43.74,3.0,79.0,43.74
8.207398414611816,5.4,43.84,3.0,79.0,43.84
8.254004716873169,3.3,43.84,3.0,79.0,43.84
8.300692319869995,5.3,43.96,3.0,79.0,43.96
8.347362756729126,4.3,43.96,3.0,79.0,43.96
8.393319368362427,4.3,44.08,3.0,79.0,44.08
8.439760446548462,3.3,44.08,3.0,79.0,44.08
8.487134456634521,5.3,44.17,3.0,79.0,44.17
8.533384323120117,4.3,44.17,3.0,79.0,44.17
8.579829454421997,4.3,44.23,3.0,79.0,44.23
8.62607479095459,4.3,44.23,3.0,79.0,44.23
8.672767877578735,4.3,44.21,3.0,79.0,44.21
8.718920469284058,5.4,44.21,3.0,79.0,44.21
8.765162229537964,4.4,44.21,3.0,79.0,44.21
8.811965703964233,4.3,44.21,3.0,79.0,44.21
8.858813762664795,4.3,44.21,3.0,79.0,44.21
8.905992031097412,5.3,44.21,3.0,79.0,44.21
8.952598094940186,4.3,44.21,3.0,79.0,44.21
8.999101638793945,5.4,44.22,3.0,79.0,44.22
9.045823097229004,3.3,44.22,3.0,79.0,44.22
9.092849493026733,4.3,44.21,3.0,79.0,44.21
9.139144659042358,5.4,44.21,3.0,79.0,44.21
9.186086416244507,3.2,44.21,3.0,79.0,44.21
9.232433319091797,5.4,44.21,3.0,79.0,44.21
9.27861475944519,4.3,44.21,3.0,79.0,44.21
9.324846506118774,3.3,44.21,3.0,79.0,44.21
9.37228536605835,5.3,44.2,3.0,79.0,44.2
9.418903589248657,4.3,44.2,3.0,79.0,44.2
9.464903354644775,4.3,44.2,3.0,79.0,44.2
9.511993408203125,4.3,44.21,3.0,79.0,44.21
9.558860540390015,5.3,44.21,3.0,79.0,44.21
9.605434656143188,4.3,44.22,3.0,79.0,44.22
9.651408195495605,5.4,44.22,3.0,79.0,44.22
9.69816780090332,4.3,44.24,3.0,79.0,44.24
9.745054006576538,4.3,44.24,3.0,79.0,44.24
9.791697263717651,5.4,44.24,3.0,79.0,44.24
9.839486598968506,4.2,44.24,3.0,79.0,44.24
9.885837316513062,5.4,44.23,3.0,79.0,44.23
9.932754039764404,3.2,44.23,3.0,79.0,44.23
9.979901790618896,5.3,44.23,3.0,79.0,44.23
10.026715993881226,4.3,44.23,3.0,79.0,44.23
10.072654008865356,4.3,44.21,3.0,79.0,44.21
10.119293451309204,4.3,44.21,3.0,79.0,44.21
10.16589879989624,5.4,44.21,3.0,79.0,44.21
10.212484121322632,3.3,44.21,3.0,79.0,44.21
10.258755207061768,5.4,44.21,3.0,79.0,44.21
10.305416822433472,4.3,44.21,3.0,79.0,44.21
10.352121114730835,4.3,44.21,3.0,79.0,44.21
10.399035453796387,4.3,44.21,3.0,79.0,44.21
10.445060968399048,4.3,44.21,3.0,79.0,44.21
10.49231743812561,4.3,44.2,3.0,79.0,44.2
10.539188861846924,5.3,44.2,3.0,79.0,44.2
10.585908651351929,4.3,44.19,3.0,79.0,44.19
10.632226467132568,3.3,44.19,3.0,79.0,44.19
10.679279088973999,5.3,44.16,3.0,79.0,44.16
10.725852727890015,4.3,44.16,3.0,79.0,44.16
10.772684335708618,5.4,44.14,3.0,79.0,44.14
10.818902015686035,4.3,44.14,3.0,79.0,44.14
10.864762306213379,5.4,44.14,3.0,79.0,44.14
10.911087274551392,4.3,44.15,3.0,79.0,44.15
10.957330703735352,4.3,44.15,3.0,79.0,44.15
11.004242181777954,3.3,44.15,3.0,79.0,44.15
11.05099606513977,5.3,44.15,3.0,79.0,44.15
11.097424030303955,4.3,44.15,3.0,79.0,44.15
11.14374566078186,4.3,44.15,3.0,79.0,44.15
11.19147276878357,5.3,44.16,3.0,79.0,44.16
11.238004207611084,4.3,44.16,3.0,79.0,44.16
11.284754753112793,3.3,44.16,3.0,79.0,44.16
11.330559015274048,5.4,44.16,3.0,79.0,44.16
11.376363277435303,4.3,44.16,3.0,79.0,44.16
11.423170328140259,4.3,44.16,3.0,79.0,44.16
11.469585418701172,4.3,44.17,3.0,79.0,44.17
11.515724658966064,4.3,44.17,3.0,79.0,44.17
11.562310695648193,4.3,44.17,3.0,79.0,44.17
11.609360218048096,4.3,44.17,3.0,79.0,44.17
11.655614376068115,4.3,44.17,3.0,79.0,44.17
11.702842712402344,5.3,44.18,3.0,79.0,44.18
11.749224424362183,4.3,44.18,3.0,79.0,44.18
11.796694040298462,4.3,44.2,3.0,79.0,44.2
11.843515634536743,5.3,44.2,3.0,79.0,44.2
11.890372514724731,4.3,44.2,3.0,79.0,44.2
11.936757564544678,4.3,44.2,3.0,79.0,44.2
11.982945203781128,4.3,44.19,3.0,79.0,44.19
12.030027866363525,5.3,44.19,3.0,79.0,44.19
12.076855897903442,4.3,44.19,3.0,79.0,44.19
12.123512506484985,3.3,44.19,3.0,79.0,44.19
12.170230150222778,5.3,44.19,3.0,79.0,44.19
12.216767311096191,4.3,44.19,3.0,79.0,44.19
12.263499021530151,4.3,44.19,3.0,79.0,44.19
12.310123443603516,4.3,44.21,3.0,79.0,44.21
12.357246160507202,5.3,44.21,3.0,79.0,44.21
12.404180765151978,3.3,44.2,3.0,79.0,44.2
12.450916528701782,4.3,44.2,3.0,79.0,44.2
12.498225450515747,5.3,44.21,3.0,79.0,44.21
12.545544385910034,4.3,44.21,3.0,79.0,44.21
12.592710018157959,4.3,44.21,3.0,79.0,44.21
12.63924765586853,5.3,44.21,3.0,79.0,44.21
12.686325550079346,3.2,44.2,3.0,79.0,44.2
12.735219955444336,6.1,44.2,3.0,79.0,44.2
12.782222986221313,4.3,44.19,3.0,79.0,44.19
12.828759908676147,4.3,44.19,3.0,79.0,44.19
12.874897241592407,4.3,44.17,3.0,79.0,44.17
12.92163610458374,5.3,44.17,3.0,79.0,44.17
12.969053268432617,3.2,44.17,3.0,79.0,44.17
13.016201734542847,5.3,44.17,3.0,79.0,44.17
13.063112497329712,4.3,44.17,3.0,79.0,44.17
13.110680103302002,4.2,44.19,3.0,79.0,44.19
13.157670021057129,4.3,44.19,3.0,79.0,44.19
13.204665660858154,4.3,44.18,3.0,79.0,44.18
13.251374959945679,5.3,44.18,3.0,79.0,44.18
13.298867225646973,3.2,44.17,3.0,79.0,44.17
13.34658432006836,5.2,44.17,3.0,79.0,44.17
13.393978357315063,4.3,44.15,3.0,79.0,44.15
13.4404935836792,4.3,44.15,3.0,79.0,44.15
13.48681378364563,4.3,44.15,3.0,79.0,44.15
13.534376621246338,4.2,44.15,3.0,79.0,44.15
13.581002712249756,5.3,44.06,3.0,79.0,44.06
13.62833833694458,4.3,44.06,3.0,79.0,44.06
13.675896406173706,4.2,43.96,3.0,79.0,43.96
13.722705125808716,5.3,43.96,3.0,79.0,43.96
13.770386219024658,4.3,43.84,3.0,79.0,43.84
13.817816257476807,5.3,43.84,3.0,79.0,43.84
13.864732027053833,3.3,43.84,3.0,79.0,43.84
13.911420345306396,5.3,43.75,3.0,79.0,43.75
13.959110260009766,4.2,43.75,3.0,79.0,43.75
14.006377220153809,4.3,43.63,3.0,79.0,43.63
14.053656578063965,5.3,43.63,3.0,79.0,43.63
14.100620031356812,3.2,43.53,3.0,79.0,43.53
14.147295236587524,5.3,43.53,3.0,79.0,43.53
14.195947885513306,4.2,43.42,3.0,79.0,43.42
14.242903232574463,4.3,43.42,3.0,79.0,43.42
14.289554595947266,5.4,43.29,3.0,79.0,43.29
14.336141586303711,3.3,43.29,3.0,79.0,43.29
14.383232116699219,5.3,43.19,3.0,79.0,43.19
14.430440902709961,4.3,43.19,3.0,79.0,43.19
14.47788691520691,4.3,43.09,3.0,79.0,43.09
14.524173259735107,4.3,43.09,3.0,79.0,43.09
14.571468830108643,5.3,42.99,3.0,79.0,42.99
14.61856746673584,4.3,42.99,3.0,79.0,42.99
14.664917707443237,3.3,42.99,3.0,79.0,42.99
14.71250867843628,5.3,42.97,3.0,79.0,42.97
14.760378122329712,5.2,42.97,3.0,79.0,42.97
14.807738065719604,5.3,42.97,3.0,79.0,42.97
14.854525089263916,5.4,42.97,3.0,79.0,42.97
14.901395320892334,4.3,42.99,3.0,79.0,42.99
14.948278665542603,4.3,42.99,3.0,79.0,42.99
14.994970321655273,4.3,43.01,3.0,79.0,43.01
15.042722940444946,4.2,43.01,3.0,79.0,43.01
15.089313268661499,5.4,43.13,3.0,79.0,43.13
15.136030435562134,4.3,43.13,3.0,79.0,43.13
15.182878017425537,4.3,43.22,3.0,79.0,43.22
15.229328155517578,5.4,43.22,3.0,79.0,43.22
15.275911092758179,4.3,43.32,3.0,79.0,43.32
15.323286533355713,3.2,43.32,3.0,79.0,43.32
15.37068247795105,5.3,43.44,3.0,79.0,43.44
15.418083190917969,5.3,43.44,3.0,79.0,43.44
15.465192556381226,3.2,43.44,3.0,79.0,43.44
15.51262903213501,4.2,43.55,3.0,79.0,43.55
15.55911636352539,4.3,43.55,3.0,79.0,43.55
15.606466293334961,5.3,43.65,3.0,79.0,43.65
15.653402090072632,3.2,43.65,3.0,79.0,43.65
15.700943946838379,5.3,43.76,3.0,79.0,43.76
15.747811555862427,4.3,43.76,3.0,79.0,43.76
15.794406175613403,5.3,43.86,3.0,79.0,43.86
15.841884136199951,4.3,43.86,3.0,79.0,43.86
15.88864779472351,5.3,43.96,3.0,79.0,43.96
15.93510913848877,4.3,43.96,3.0,79.0,43.96
15.982311964035034,4.3,44.06,3.0,79.0,44.06
16.029841423034668,4.3,44.06,3.0,79.0,44.06
16.077103853225708,4.3,44.13,3.0,79.0,44.13
16.12446117401123,4.2,44.13,3.0,79.0,44.13
16.171427011489868,5.3,44.13,3.0,79.0,44.13
16.217797994613647,4.3,44.13,3.0,79.0,44.13
16.264896392822266,4.3,44.13,3.0,79.0,44.13
16.311219215393066,4.3,44.15,3.0,79.0,44.15
16.357865810394287,4.3,44.15,3.0,79.0,44.15
16.405351161956787,4.2,44.15,3.0,79.0,44.15
16.453534841537476,5.2,44.15,3.0,79.0,44.15
16.50044298171997,4.3,44.14,3.0,79.0,44.14
16.547510862350464,4.3,44.14,3.0,79.0,44.14
16.59421730041504,4.3,44.14,3.0,79.0,44.14
16.64164090156555,4.3,44.14,3.0,79.0,44.14
16.689082622528076,5.2,44.13,3.0,79.0,44.13
16.736597061157227,4.3,44.13,3.0,79.0,44.13
16.783589124679565,3.2,44.12,3.0,79.0,44.12
16.830867767333984,5.3,44.12,3.0,79.0,44.12
16.87714695930481,5.4,44.1,3.0,79.0,44.1
16.924643754959106,4.2,44.1,3.0,79.0,44.1
16.971415281295776,4.3,44.1,3.0,79.0,44.1
17.017754316329956,4.3,44.1,3.0,79.0,44.1
17.06421446800232,5.3,44.1,3.0,79.0,44.1
17.11141538619995,4.3,44.09,3.0,79.0,44.09
17.158824920654297,3.2,44.09,3.0,79.0,44.09
17.20634388923645,5.3,44.09,3.0,79.0,44.09
17.253395080566406,5.3,44.09,3.0,79.0,44.09
17.29996347427368,3.3,44.1,3.0,79.0,44.1
17.347096920013428,5.3,44.1,3.0,79.0,44.1
17.394418001174927,4.3,44.1,3.0,79.0,44.1
17.442392110824585,3.2,44.1,3.0,79.0,44.1
17.489316940307617,5.3,44.1,3.0,79.0,44.1
17.53635597229004,4.3,44.1,3.0,79.0,44.1
17.583359241485596,5.3,44.1,3.0,79.0,44.1
17.630184173583984,4.3,44.1,3.0,79.0,44.1
17.677866458892822,4.2,44.1,3.0,79.0,44.1
17.725714921951294,4.2,44.1,3.0,79.0,44.1
17.772751569747925,4.3,44.1,3.0,79.0,44.1
17.819493770599365,5.3,44.1,3.0,79.0,44.1
17.866645574569702,4.3,44.1,3.0,79.0,44.1
17.913556814193726,4.3,44.1,3.0,79.0,44.1
17.96130633354187,5.2,44.1,3.0,79.0,44.1
18.0082266330719,4.3,44.11,3.0,79.0,44.11
18.055373907089233,4.3,44.11,3.0,79.0,44.11
18.102594137191772,5.3,44.11,3.0,79.0,44.11
18.149787187576294,3.2,44.11,3.0,79.0,44.11
18.197697162628174,5.2,44.12,3.0,78.0,44.12
18.244668006896973,4.3,44.12,3.0,78.0,44.12
18.291675090789795,4.3,44.12,3.0,79.0,44.12
18.338768005371094,5.3,44.12,3.0,79.0,44.12
18.386481523513794,4.2,44.11,3.0,79.0,44.11
18.434695720672607,4.2,44.11,3.0,79.0,44.11
18.481215476989746,4.3,44.09,3.0,79.0,44.09
18.52818250656128,4.3,44.09,3.0,79.0,44.09
18.57531499862671,4.3,44.08,3.0,79.0,44.08
18.622504949569702,5.3,44.08,3.0,78.0,44.08
18.669593811035156,4.3,44.08,3.0,78.0,44.08
18.717352151870728,4.2,44.08,3.0,79.0,44.08
18.764724493026733,4.3,44.08,3.0,79.0,44.08
18.811666011810303,4.3,44.1,3.0,79.0,44.1
18.85832405090332,5.4,44.1,3.0,79.0,44.1
18.905630826950073,5.2,44.1,3.0,79.0,44.1
18.952687740325928,3.3,44.1,3.0,79.0,44.1
18.999653816223145,5.3,44.11,3.0,79.0,44.11
19.04630208015442,4.3,44.11,3.0,79.0,44.11
19.093554496765137,4.3,44.12,3.0,79.0,44.12
19.140883922576904,4.3,44.12,3.0,79.0,44.12
19.18878984451294,4.2,44.12,3.0,79.0,44.12
19.23548436164856,4.3,44.12,3.0,79.0,44.12
19.28253722190857,4.3,44.12,3.0,79.0,44.12
19.329121351242065,5.3,44.12,3.0,79.0,44.12
19.3764910697937,4.3,44.11,3.0,79.0,44.11
19.423959732055664,4.3,44.11,3.0,79.0,44.11
19.470701694488525,4.3,44.12,3.0,79.0,44.12
19.518654823303223,4.2,44.12,3.0,78.0,44.12
19.566102981567383,4.3,44.12,3.0,78.0,44.12
19.61397647857666,6.3,44.12,3.0,79.0,44.12
19.661389350891113,4.2,44.12,3.0,79.0,44.12
19.70863914489746,4.3,44.14,3.0,79.0,44.14
19.756054401397705,4.3,44.14,3.0,79.0,44.14
19.80316424369812,4.3,44.13,3.0,79.0,44.13
19.850006580352783,5.3,44.13,3.0,79.0,44.13
19.89751696586609,5.3,44.12,3.0,79.0,44.12
19.944936513900757,4.2,44.12,3.0,79.0,44.12
19.99186897277832,4.3,44.12,3.0,79.0,44.12
20.038881301879883,4.3,44.12,3.0,79.0,44.12
20.086493015289307,5.3,44.1,3.0,79.0,44.1
20.134386777877808,4.2,44.1,3.0,78.0,44.1
20.181763887405396,4.3,44.1,3.0,78.0,44.1
20.22935700416565,5.2,44.1,3.0,79.0,44.1
20.276329278945923,4.3,44.1,3.0,79.0,44.1
20.323394060134888,4.3,44.1,3.0,78.0,44.1
20.370333194732666,4.3,44.1,3.0,78.0,44.1
20.41766881942749,4.3,44.1,3.0,79.0,44.1
20.464833974838257,4.3,44.1,3.0,79.0,44.1
20.511948823928833,5.3,44.1,3.0,78.0,44.1
20.55881929397583,4.3,44.1,3.0,78.0,44.1
20.606125116348267,4.3,44.11,3.0,79.0,44.11
20.65342950820923,5.3,44.11,3.0,79.0,44.11
20.701045274734497,3.2,44.11,3.0,79.0,44.11
20.748425722122192,4.2,44.11,3.0,79.0,44.11
20.79517412185669,5.3,44.1,3.0,79.0,44.1
20.842201709747314,4.3,44.1,3.0,79.0,44.1
20.88958978652954,5.3,44.09,3.0,78.0,44.09
20.93636202812195,4.3,44.09,3.0,78.0,44.09
20.983463287353516,4.3,44.09,3.0,78.0,44.09
21.03078818321228,4.2,44.09,3.0,79.0,44.09
21.07776188850403,4.3,44.01,3.0,79.0,44.01
21.124348163604736,5.3,44.01,3.0,79.0,44.01
21.171489477157593,3.2,43.91,3.0,79.0,43.91
21.218506813049316,5.3,43.91,3.0,78.0,43.91
21.26559615135193,4.3,43.79,3.0,78.0,43.79
21.313152551651,4.3,43.79,3.0,79.0,43.79
21.36024785041809,4.3,43.79,3.0,79.0,43.79
21.407594203948975,5.3,43.69,3.0,78.0,43.69
21.454872846603394,3.2,43.69,3.0,78.0,43.69
21.501458883285522,5.3,43.58,3.0,79.0,43.58
21.54876708984375,4.3,43.58,3.0,79.0,43.58
21.595332384109497,4.3,43.48,3.0,78.0,43.48
21.643674850463867,4.2,43.48,3.0,78.0,43.48
21.690964698791504,5.3,43.36,3.0,79.0,43.36
21.73867154121399,4.2,43.36,3.0,79.0,43.36
21.785491704940796,4.3,43.25,3.0,79.0,43.25
21.833279848098755,4.3,43.25,3.0,78.0,43.25
21.88053846359253,5.3,43.14,3.0,78.0,43.14
21.92808723449707,5.3,43.14,3.0,79.0,43.14
21.97592806816101,4.2,43.04,3.0,79.0,43.04
22.02316951751709,4.3,43.04,3.0,78.0,43.04
22.070593118667603,5.3,42.95,3.0,78.0,42.95
22.117994785308838,3.2,42.95,3.0,79.0,42.95
22.166369199752808,5.2,42.92,3.0,79.0,42.92
22.21388292312622,4.3,42.92,3.0,78.0,42.92
22.261264324188232,5.2,42.92,3.0,78.0,42.92
22.308632373809814,4.3,42.93,3.0,79.0,42.93
22.355725288391113,4.3,42.93,3.0,79.0,42.93
22.404332160949707,4.2,42.95,3.0,79.0,42.95
22.453677892684937,5.1,42.95,3.0,79.0,42.95
22.501301527023315,4.2,42.96,3.0,78.0,42.96
22.5490882396698,4.2,42.96,3.0,78.0,42.96
22.59647512435913,4.3,43.08,3.0,79.0,43.08
22.64376950263977,4.3,43.08,3.0,79.0,43.08
22.691739082336426,5.2,43.18,3.0,78.0,43.18
22.739304304122925,4.2,43.18,3.0,78.0,43.18
22.786254167556763,4.3,43.28,3.0,78.0,43.28
22.833638668060303,5.2,43.28,3.0,78.0,43.28
22.88080596923828,3.2,43.39,3.0,78.0,43.39
22.92862367630005,6.3,43.39,3.0,78.0,43.39
22.97611093521118,4.3,43.5,3.0,78.0,43.5
23.02353024482727,4.2,43.5,3.0,79.0,43.5
23.07024574279785,4.3,43.61,3.0,79.0,43.61
23.11804962158203,4.2,43.61,3.0,78.0,43.61
23.165322303771973,5.3,43.71,3.0,78.0,43.71
23.212458610534668,4.3,43.71,3.0,78.0,43.71
23.259294033050537,4.3,43.71,3.0,78.0,43.71
23.306148529052734,3.3,43.8,3.0,78.0,43.8
23.353434562683105,5.3,43.8,3.0,78.0,43.8
23.40143060684204,5.2,43.91,3.0,79.0,43.91
23.44917130470276,3.2,43.91,3.0,79.0,43.91
23.49732732772827,5.2,44.0,3.0,78.0,44.0
23.544323444366455,4.3,44.0,3.0,78.0,44.0
23.591888666152954,4.2,44.09,3.0,79.0,44.09
23.639158725738525,4.3,44.09,3.0,79.0,44.09
23.686835765838623,5.2,44.09,3.0,79.0,44.09
23.734698057174683,4.2,44.09,3.0,78.0,44.09
23.78314757347107,5.2,44.09,3.0,78.0,44.09
23.83048725128174,3.2,44.09,3.0,79.0,44.09
23.877885103225708,5.3,44.08,3.0,79.0,44.08
23.92542338371277,5.3,44.08,3.0,78.0,44.08
23.97356390953064,5.2,44.07,3.0,78.0,44.07
24.021764278411865,3.2,44.07,3.0,79.0,44.07
24.06888771057129,5.3,44.07,3.0,79.0,44.07
24.117292881011963,4.1,44.07,3.0,78.0,44.07
24.16436457633972,4.3,44.06,3.0,78.0,44.06
24.21141815185547,4.3,44.06,3.0,78.0,44.06
24.258580923080444,5.3,44.06,3.0,78.0,44.06
24.306342840194702,4.2,44.06,3.0,78.0,44.06
24.353794813156128,4.3,44.06,3.0,78.0,44.06
24.401695013046265,4.2,44.07,3.0,78.0,44.07
24.44897770881653,4.3,44.07,3.0,78.0,44.07
24.49617910385132,5.3,44.07,3.0,78.0,44.07
24.543529272079468,5.3,44.07,3.0,78.0,44.07
24.59082555770874,3.2,44.08,3.0,78.0,44.08
24.638481616973877,4.2,44.08,3.0,78.0,44.08
24.68575119972229,5.3,44.08,3.0,78.0,44.08
24.73380184173584,4.2,44.08,3.0,78.0,44.08
24.781620979309082,5.2,44.07,3.0,78.0,44.07
24.82892155647278,4.3,44.07,3.0,78.0,44.07
24.877525568008423,3.2,44.06,3.0,78.0,44.06
24.925249814987183,6.3,44.06,3.0,79.0,44.06
24.972731113433838,4.2,44.07,3.0,79.0,44.07
25.02045440673828,5.2,44.07,3.0,78.0,44.07
25.067798137664795,3.2,44.07,3.0,78.0,44.07
25.115166425704956,5.3,44.07,3.0,79.0,44.07
25.162171363830566,4.3,44.07,3.0,79.0,44.07
25.210023641586304,4.2,44.08,3.0,78.0,44.08
25.257705688476562,5.3,44.08,3.0,78.0,44.08
25.305646896362305,3.2,44.07,3.0,79.0,44.07
25.35294795036316,5.3,44.07,3.0,79.0,44.07
25.400583744049072,4.3,44.06,3.0,78.0,44.06
25.44778823852539,3.2,44.06,3.0,78.0,44.06
25.49515652656555,5.2,44.04,3.0,79.0,44.04
25.54258131980896,4.3,44.04,3.0,79.0,44.04
25.59070873260498,5.2,44.04,3.0,78.0,44.04
25.638448238372803,4.2,44.04,3.0,78.0,44.04
25.68584942817688,4.2,44.02,3.0,78.0,44.02
25.733610153198242,5.3,44.02,3.0,78.0,44.02
25.78169846534729,4.2,44.02,3.0,78.0,44.02
25.829079151153564,4.3,44.02,3.0,78.0,44.02
25.87680220603943,3.2,44.01,3.0,78.0,44.01
25.92442488670349,5.2,44.01,3.0,79.0,44.01
25.97265338897705,5.2,44.02,3.0,79.0,44.02
26.020443201065063,5.2,44.02,3.0,78.0,44.02
26.06805443763733,3.2,44.01,3.0,78.0,44.01
26.115660667419434,5.3,44.01,3.0,78.0,44.01
26.163198471069336,4.2,44.02,3.0,78.0,44.02
26.21074604988098,5.3,44.02,3.0,78.0,44.02
26.259151935577393,4.1,44.02,3.0,78.0,44.02
26.30625343322754,4.3,44.01,3.0,78.0,44.01
26.353792905807495,4.2,44.01,3.0,78.0,44.01
26.40193200111389,4.2,44.01,3.0,78.0,44.01
26.449641466140747,5.2,44.01,3.0,78.0,44.01
26.49712610244751,3.2,44.01,3.0,78.0,44.01
26.544448614120483,5.3,44.01,3.0,78.0,44.01
26.591902494430542,4.3,44.02,3.0,79.0,44.02
26.639188766479492,4.3,44.02,3.0,79.0,44.02
26.687594413757324,4.2,44.0,3.0,78.0,44.0
26.735137701034546,5.2,44.0,3.0,78.0,44.0
26.783942222595215,4.1,44.0,3.0,78.0,44.0
26.83158826828003,4.3,44.0,3.0,79.0,44.0
26.87895631790161,4.3,43.99,3.0,79.0,43.99
26.926780939102173,5.2,43.99,3.0,78.0,43.99
26.974502086639404,5.3,44.0,3.0,78.0,44.0
27.021830320358276,4.3,44.0,3.0,78.0,44.0
27.069326400756836,4.3,43.99,3.0,78.0,43.99
27.11725640296936,5.2,43.99,3.0,78.0,43.99
27.16447114944458,3.2,44.01,3.0,78.0,44.01
27.211735010147095,5.3,44.01,3.0,79.0,44.01
27.25917625427246,5.3,44.01,3.0,79.0,44.01
27.307351112365723,3.2,44.0,3.0,78.0,44.0
27.355294942855835,5.2,44.0,3.0,78.0,44.0
27.402393341064453,4.3,44.0,3.0,79.0,44.0
27.449471473693848,4.3,44.0,3.0,79.0,44.0
27.49635934829712,4.3,44.01,3.0,78.0,44.01
27.543997764587402,4.2,44.01,3.0,78.0,44.01
27.59129571914673,5.3,44.02,3.0,78.0,44.02
27.63861393928528,4.3,44.02,3.0,78.0,44.02
27.68644690513611,5.2,44.01,3.0,78.0,44.01
27.733533143997192,3.2,44.01,3.0,78.0,44.01
27.780843019485474,5.3,44.02,3.0,78.0,44.02
27.828635215759277,4.2,44.02,3.0,78.0,44.02
27.87589430809021,4.3,44.02,3.0,78.0,44.02
27.923202514648438,4.3,44.02,3.0,78.0,44.02
27.970531702041626,6.3,44.03,3.0,78.0,44.03
28.018059015274048,3.2,44.03,3.0,78.0,44.03
28.066470861434937,5.2,44.03,3.0,78.0,44.03
28.114046812057495,4.2,44.03,3.0,78.0,44.03
28.160873413085938,5.3,44.03,3.0,78.0,44.03
28.208598375320435,3.2,44.04,3.0,78.0,44.04
28.255589723587036,4.3,44.04,3.0,78.0,44.04
28.303542852401733,5.2,44.03,3.0,78.0,44.03
28.350783348083496,4.3,44.03,3.0,78.0,44.03
28.39841103553772,4.2,44.03,3.0,78.0,44.03
28.44549870491028,4.3,44.03,3.0,78.0,44.03
28.493232011795044,5.2,44.03,3.0,78.0,44.03
28.54084849357605,4.3,44.03,3.0,78.0,44.03
28.588993549346924,4.2,43.96,3.0,78.0,43.96
28.636741161346436,5.2,43.96,3.0,78.0,43.96
28.68455672264099,4.2,43.85,3.0,78.0,43.85
28.73240041732788,4.2,43.85,3.0,78.0,43.85
28.780429363250732,4.2,43.74,3.0,78.0,43.74
28.828300714492798,4.2,43.74,3.0,78.0,43.74
28.875863075256348,5.3,43.64,3.0,78.0,43.64
28.923771381378174,3.2,43.64,3.0,78.0,43.64
28.97174334526062,5.2,43.53,3.0,78.0,43.53
29.01932692527771,5.2,43.53,3.0,78.0,43.53
29.067557096481323,4.2,43.45,3.0,78.0,43.45
29.115161657333374,5.3,43.45,3.0,78.0,43.45
29.16281294822693,4.2,43.35,3.0,78.0,43.35
29.2102689743042,4.3,43.35,3.0,78.0,43.35
29.257909774780273,4.2,43.35,3.0,78.0,43.35
29.305248737335205,5.3,43.25,3.0,78.0,43.25
29.353386402130127,4.2,43.25,3.0,78.0,43.25
29.400928497314453,4.2,43.15,3.0,78.0,43.15
29.448769330978394,4.3,43.15,3.0,78.0,43.15
29.49650740623474,4.2,43.03,3.0,78.0,43.03
29.544259071350098,6.3,43.03,3.0,78.0,43.03
29.592354774475098,4.2,42.94,3.0,78.0,42.94
29.640067100524902,4.2,42.94,3.0,78.0,42.94
29.687677145004272,4.3,42.89,3.0,78.0,42.89
29.73625612258911,4.1,42.89,3.0,78.0,42.89
29.784472227096558,5.2,42.88,3.0,78.0,42.88
29.83158230781555,4.3,42.88,3.0,78.0,42.88
29.878815412521362,4.3,42.9,3.0,78.0,42.9
29.926056146621704,5.3,42.9,3.0,78.0,42.9
29.973698377609253,4.3,42.92,3.0,78.0,42.92
30.0206401348114,5.3,42.92,3.0,78.0,42.92
30.0691659450531,3.2,43.02,3.0,78.0,43.02
30.11661195755005,5.3,43.02,3.0,78.0,43.02
30.164406538009644,3.2,43.1,3.0,78.0,43.1
30.211655855178833,5.3,43.1,3.0,78.0,43.1
30.25969672203064,4.2,43.1,3.0,78.0,43.1
30.307231903076172,5.3,43.21,3.0,78.0,43.21
30.354719161987305,3.2,43.21,3.0,78.0,43.21
30.402587413787842,5.2,43.29,3.0,78.0,43.29
30.44989252090454,4.3,43.29,3.0,78.0,43.29
30.497414588928223,4.3,43.39,3.0,78.0,43.39
30.54499316215515,5.2,43.39,3.0,78.0,43.39
30.596314430236816,3.9,43.52,3.0,78.0,43.52
30.6442391872406,5.2,43.52,3.0,78.0,43.52
30.692249059677124,4.2,43.61,3.0,78.0,43.61
30.739954233169556,4.2,43.61,3.0,78.0,43.61
30.787988901138306,5.2,43.71,3.0,78.0,43.71
30.836248636245728,4.2,43.71,3.0,78.0,43.71
30.88429069519043,4.2,43.83,3.0,78.0,43.83
30.932735919952393,5.1,43.83,3.0,78.0,43.83
30.980376958847046,4.3,43.92,3.0,78.0,43.92
31.02827477455139,5.3,43.92,3.0,78.0,43.92
31.076157569885254,4.2,44.01,3.0,78.0,44.01
31.124059438705444,4.2,44.01,3.0,78.0,44.01
31.171884059906006,5.2,44.01,3.0,78.0,44.01
31.220096349716187,3.2,44.01,3.0,78.0,44.01
31.267844915390015,5.2,44.01,3.0,78.0,44.01
31.31576156616211,5.2,44.01,3.0,78.0,44.01
31.36359405517578,3.2,44.01,3.0,78.0,44.01
31.41081953048706,5.3,44.01,3.0,78.0,44.01
31.459381341934204,4.1,44.01,3.0,78.0,44.01
31.507160663604736,4.2,44.03,3.0,78.0,44.03
31.55497932434082,5.3,44.03,3.0,78.0,44.03
31.6041100025177,5.1,44.03,3.0,78.0,44.03
31.651965856552124,4.2,44.03,3.0,78.0,44.03
31.69959783554077,4.2,44.01,3.0,78.0,44.01
31.747448921203613,5.2,44.01,3.0,78.0,44.01
31.7945556640625,3.2,44.03,3.0,78.0,44.03
31.84219264984131,5.3,44.03,3.0,78.0,44.03
31.89026713371277,4.2,44.03,3.0,78.0,44.03
31.938369512557983,5.2,44.03,3.0,78.0,44.03
31.986608743667603,4.2,44.03,3.0,78.0,44.03
32.03430104255676,5.3,44.03,3.0,78.0,44.03
32.08152985572815,3.3,44.03,3.0,78.0,44.03
32.12959146499634,5.2,44.03,3.0,78.0,44.03
32.17738962173462,5.2,44.02,3.0,78.0,44.02
32.22490739822388,4.3,44.02,3.0,78.0,44.02
32.27240467071533,4.2,44.01,3.0,78.0,44.01
32.320504903793335,5.2,44.01,3.0,78.0,44.01
32.368717670440674,3.2,44.02,3.0,78.0,44.02
32.41618084907532,5.2,44.02,3.0,78.0,44.02
32.46402168273926,4.2,44.02,3.0,78.0,44.02
32.51183795928955,4.2,44.02,3.0,78.0,44.02
32.559191942214966,5.3,44.02,3.0,78.0,44.02
32.607131481170654,4.2,44.02,3.0,78.0,44.02
32.655597448349,4.1,44.02,3.0,78.0,44.02
32.70330190658569,4.2,44.03,3.0,78.0,44.03
32.750853300094604,5.3,44.03,3.0,78.0,44.03
32.79877948760986,4.2,44.04,3.0,78.0,44.04
32.84651064872742,3.2,44.04,3.0,78.0,44.04
32.894368171691895,5.2,44.04,3.0,78.0,44.04
32.94263815879822,4.2,44.04,3.0,78.0,44.04
32.98962640762329,5.3,44.03,3.0,78.0,44.03
33.03704023361206,4.3,44.03,3.0,78.0,44.03
33.08481478691101,5.2,44.04,3.0,78.0,44.04
33.13320064544678,4.2,44.04,3.0,78.0,44.04
33.18053388595581,4.2,44.04,3.0,78.0,44.04
33.22790479660034,4.3,44.04,3.0,78.0,44.04
33.276098012924194,4.2,44.06,3.0,78.0,44.06
33.32408142089844,5.2,44.06,3.0,78.0,44.06
33.37250375747681,3.2,44.07,3.0,78.0,44.07
33.42018532752991,5.2,44.07,3.0,78.0,44.07
33.46793246269226,4.2,44.06,3.0,78.0,44.06
33.51581907272339,4.2,44.06,3.0,78.0,44.06
33.56408143043518,4.2,44.05,3.0,78.0,44.05
33.611759185791016,5.2,44.05,3.0,78.0,44.05
33.659727334976196,4.2,44.05,3.0,78.0,44.05
33.708087682724,5.2,44.05,3.0,78.0,44.05
33.75609087944031,4.2,44.05,3.0,78.0,44.05
33.80414366722107,5.2,44.06,3.0,78.0,44.06
33.85209631919861,3.2,44.06,3.0,78.0,44.06
33.900306701660156,5.2,44.05,3.0,78.0,44.05
33.94801044464111,4.2,44.05,3.0,78.0,44.05
33.99591302871704,4.2,44.06,3.0,78.0,44.06
34.04473853111267,5.2,44.06,3.0,78.0,44.06
34.091973543167114,5.3,44.06,3.0,78.0,44.06
34.139169454574585,4.3,44.06,3.0,78.0,44.06
34.18736815452576,4.2,44.06,3.0,78.0,44.06
34.23490595817566,4.2,44.06,3.0,78.0,44.06
34.28217053413391,5.3,44.06,3.0,78.0,44.06
34.329646825790405,3.2,44.06,3.0,78.0,44.06
34.37690615653992,5.3,44.05,3.0,78.0,44.05
34.424487352371216,4.2,44.05,3.0,78.0,44.05
34.47186040878296,4.3,44.03,3.0,78.0,44.03
34.51994466781616,4.2,44.03,3.0,78.0,44.03
34.56752920150757,5.2,44.03,3.0,78.0,44.03
34.61523509025574,4.2,44.03,3.0,78.0,44.03
34.66344714164734,4.2,44.04,3.0,78.0,44.04
34.71173667907715,4.2,44.04,3.0,78.0,44.04
34.75954985618591,5.2,44.04,3.0,78.0,44.04
34.80753493309021,4.2,44.03,3.0,78.0,44.03
34.85486078262329,5.3,44.03,3.0,78.0,44.03
34.90278172492981,4.2,44.02,3.0,78.0,44.02
34.95067620277405,4.2,44.02,3.0,78.0,44.02
34.99856638908386,4.2,44.01,3.0,78.0,44.01
35.04653549194336,5.2,44.01,3.0,78.0,44.01
35.0947208404541,5.2,44.01,3.0,78.0,44.01
35.1425244808197,5.2,44.01,3.0,78.0,44.01
35.19031262397766,4.2,43.99,3.0,78.0,43.99
35.23758864402771,4.3,43.99,3.0,78.0,43.99
35.28546404838562,4.2,43.99,3.0,78.0,43.99
35.33268594741821,4.3,43.99,3.0,78.0,43.99
35.38045811653137,5.2,43.99,3.0,78.0,43.99
35.42783236503601,4.3,43.99,3.0,78.0,43.99
35.47566890716553,4.2,43.99,3.0,78.0,43.99
35.524123430252075,5.2,43.99,3.0,78.0,43.99
35.57179665565491,4.2,44.0,3.0,78.0,44.0
35.62009835243225,3.2,44.0,3.0,78.0,44.0
35.66775703430176,5.2,44.0,3.0,78.0,44.0
35.715277433395386,4.3,44.0,3.0,78.0,44.0
35.76370286941528,4.2,44.0,3.0,78.0,44.0
35.81226086616516,4.1,44.0,3.0,78.0,44.0
35.86054348945618,5.2,44.01,3.0,78.0,44.01
35.907771825790405,4.3,44.01,3.0,78.0,44.01
35.95483088493347,5.3,44.01,3.0,78.0,44.01
36.002471923828125,4.2,44.0,3.0,78.0,44.0
36.050041913986206,5.3,44.0,3.0,78.0,44.0
36.09821891784668,4.2,43.96,3.0,78.0,43.96
36.14576697349548,5.2,43.96,3.0,78.0,43.96
36.193838357925415,4.2,43.85,3.0,78.0,43.85
36.2413489818573,3.2,43.85,3.0,78.0,43.85
36.288708209991455,5.3,43.75,3.0,78.0,43.75
36.33687615394592,4.2,43.75,3.0,78.0,43.75
36.38531684875488,5.2,43.63,3.0,78.0,43.63
36.43274164199829,4.3,43.63,3.0,78.0,43.63
36.480257511138916,5.3,43.52,3.0,78.0,43.52
36.527727127075195,3.2,43.52,3.0,78.0,43.52
36.57601547241211,5.2,43.42,3.0,78.0,43.42
36.623701333999634,4.3,43.42,3.0,78.0,43.42
36.672662019729614,4.1,43.3,3.0,78.0,43.3
36.7204647064209,5.2,43.3,3.0,78.0,43.3
36.76897382736206,4.2,43.19,3.0,78.0,43.19
36.81720542907715,4.2,43.19,3.0,78.0,43.19
36.86547017097473,5.2,43.08,3.0,78.0,43.08
36.91335701942444,4.2,43.08,3.0,78.0,43.08
36.9609956741333,4.3,42.97,3.0,78.0,42.97
37.00912690162659,4.2,42.97,3.0,78.0,42.97
37.058205127716064,5.2,42.97,3.0,78.0,42.97
37.105998039245605,5.2,42.87,3.0,78.0,42.87
37.15365529060364,4.3,42.87,3.0,78.0,42.87
37.20094156265259,4.3,42.81,3.0,78.0,42.81
37.24880528450012,4.2,42.81,3.0,78.0,42.81
37.29665160179138,5.2,42.81,3.0,78.0,42.81
37.34409189224243,4.2,42.81,3.0,78.0,42.81
37.39163851737976,3.2,42.82,3.0,78.0,42.82
37.4401433467865,5.1,42.82,3.0,78.0,42.82
37.489336013793945,5.1,42.85,3.0,78.0,42.85
37.53690814971924,3.2,42.85,3.0,78.0,42.85
37.58568859100342,5.1,42.95,3.0,78.0,42.95
37.63340377807617,4.3,42.95,3.0,78.0,42.95
37.68093204498291,5.2,43.06,3.0,78.0,43.06
37.72972559928894,4.2,43.06,3.0,78.0,43.06
37.7779426574707,4.2,43.17,3.0,78.0,43.17
37.825634717941284,5.2,43.17,3.0,78.0,43.17
37.87267708778381,3.2,43.28,3.0,78.0,43.28
37.920525312423706,5.2,43.28,3.0,78.0,43.28
37.96823596954346,4.3,43.37,3.0,78.0,43.37
38.015836238861084,4.2,43.37,3.0,78.0,43.37
38.06371235847473,5.2,43.47,3.0,78.0,43.47
38.11071515083313,4.3,43.47,3.0,78.0,43.47
38.15885663032532,4.2,43.47,3.0,78.0,43.47
38.20650339126587,5.2,43.58,3.0,78.0,43.58
38.254178047180176,4.2,43.58,3.0,78.0,43.58
38.302396297454834,5.2,43.69,3.0,78.0,43.69
38.350072383880615,4.2,43.69,3.0,78.0,43.69
38.39849090576172,3.2,43.79,3.0,78.0,43.79
38.44692087173462,5.1,43.79,3.0,78.0,43.79
38.49464964866638,5.3,43.88,3.0,78.0,43.88
38.54252505302429,4.2,43.88,3.0,78.0,43.88
38.59016275405884,5.3,43.97,3.0,78.0,43.97
38.63821363449097,4.2,43.97,3.0,78.0,43.97
38.68657565116882,3.2,43.99,3.0,78.0,43.99
38.733866453170776,5.3,43.99,3.0,78.0,43.99
38.78299427032471,4.1,43.99,3.0,78.0,43.99
38.83154010772705,5.2,43.99,3.0,78.0,43.99
38.879687786102295,3.2,43.99,3.0,78.0,43.99
38.927926778793335,5.2,43.99,3.0,78.0,43.99
38.97616386413574,5.2,43.99,3.0,78.0,43.99
39.02425289154053,3.2,43.99,3.0,78.0,43.99
39.07212734222412,5.2,44.0,3.0,78.0,44.0
39.12166452407837,5.1,44.0,3.0,78.0,44.0
39.16985011100769,4.2,44.0,3.0,78.0,44.0
39.21685028076172,5.3,44.0,3.0,78.0,44.0
39.264440298080444,3.2,43.99,3.0,78.0,43.99
39.312193632125854,5.2,43.99,3.0,78.0,43.99
39.35996961593628,4.2,43.99,3.0,78.0,43.99
39.40834975242615,5.2,43.99,3.0,78.0,43.99
39.45603680610657,4.2,43.99,3.0,78.0,43.99
39.50360417366028,4.2,44.01,3.0,78.0,44.01
39.551209449768066,4.3,44.01,3.0,78.0,44.01
39.599122762680054,4.2,44.01,3.0,78.0,44.01
39.64716362953186,5.2,44.01,3.0,78.0,44.01
39.69545364379883,4.2,44.01,3.0,78.0,44.01
39.743393898010254,5.2,44.01,3.0,78.0,44.01
39.79177927970886,3.2,44.0,3.0,78.0,44.0
39.839526653289795,5.2,44.0,3.0,78.0,44.0
39.88746738433838,4.2,44.0,3.0,78.0,44.0
39.9360716342926,4.1,44.0,3.0,78.0,44.0
39.98447799682617,4.2,44.0,3.0,78.0,44.0
40.03285360336304,5.1,44.0,3.0,78.0,44.0
40.08046817779541,4.3,44.01,3.0,78.0,44.01
40.12836194038391,6.2,44.01,3.0,78.0,44.01
40.17654013633728,4.2,44.0,3.0,78.0,44.0
40.22444725036621,5.2,44.0,3.0,78.0,44.0
40.272316694259644,3.2,43.98,3.0,78.0,43.98
40.32007050514221,5.2,43.98,3.0,78.0,43.98
40.367987871170044,4.2,43.98,3.0,78.0,43.98
40.41638135910034,5.2,43.98,3.0,78.0,43.98
40.46381998062134,3.2,43.98,3.0,78.0,43.98
40.51098322868347,5.3,43.98,3.0,78.0,43.98
40.55889105796814,4.2,43.98,3.0,78.0,43.98
40.60687971115112,4.2,43.97,3.0,78.0,43.97
40.65489363670349,5.2,43.97,3.0,78.0,43.97
40.70238208770752,4.2,43.97,3.0,78.0,43.97
40.74976110458374,5.3,43.97,3.0,78.0,43.97
40.7980842590332,4.2,43.97,3.0,78.0,43.97
40.84575700759888,3.2,43.97,3.0,78.0,43.97
40.894285440444946,5.2,43.98,3.0,78.0,43.98
40.94213819503784,4.2,43.98,3.0,78.0,43.98
40.98967671394348,4.2,43.97,3.0,78.0,43.97
41.03670835494995,4.3,43.97,3.0,78.0,43.97
41.084412574768066,4.2,43.95,3.0,78.0,43.95
41.1325409412384,6.2,43.95,3.0,78.0,43.95
41.18045735359192,4.2,43.96,3.0,78.0,43.96
41.22913479804993,5.2,43.96,3.0,78.0,43.96
41.27678894996643,4.2,43.98,3.0,78.0,43.98
41.32459211349487,4.2,43.98,3.0,78.0,43.98
41.37170171737671,5.3,43.99,3.0,78.0,43.99
41.41920614242554,3.2,43.99,3.0,78.0,43.99
41.46739339828491,5.2,44.0,3.0,78.0,44.0
41.51534605026245,4.2,44.0,3.0,78.0,44.0
41.56282711029053,5.3,44.01,3.0,78.0,44.01
41.61026430130005,3.2,44.01,3.0,78.0,44.01
41.65838360786438,5.2,44.01,3.0,78.0,44.01
41.70729303359985,4.1,44.01,3.0,78.0,44.01
41.743574380874634,4.2,44.01,3.0,78.0,44.01
41.79288959503174,5.1,44.02,4.0,78.0,44.02
41.84118866920471,4.2,44.02,4.0,78.0,44.02
41.889331102371216,4.2,44.01,3.0,78.0,44.01
41.936736822128296,5.3,44.01,3.0,78.0,44.01
41.984466791152954,4.2,43.99,3.0,78.0,43.99
42.032506227493286,4.2,43.99,3.0,78.0,43.99
42.08079481124878,4.2,44.01,3.0,78.0,44.01
42.12846374511719,5.3,44.01,3.0,78.0,44.01
42.17643427848816,5.2,44.01,3.0,78.0,44.01
42.22401762008667,5.2,44.01,3.0,78.0,44.01
42.272236585617065,3.2,44.0,3.0,78.0,44.0
42.32028937339783,5.2,44.0,3.0,78.0,44.0
42.368226051330566,5.2,43.99,3.0,78.0,43.99
42.41638731956482,3.2,43.99,3.0,78.0,43.99
42.464170932769775,5.2,43.99,3.0,78.0,43.99
42.51215958595276,4.2,43.99,3.0,78.0,43.99
42.56011247634888,4.2,43.97,3.0,78.0,43.97
42.60769271850586,4.2,43.97,3.0,78.0,43.97
42.6558096408844,4.2,43.97,3.0,78.0,43.97
42.7039589881897,5.2,43.97,3.0,78.0,43.97
42.75221133232117,4.2,43.97,3.0,78.0,43.97
42.799681663513184,4.3,43.96,3.0,78.0,43.96
42.84702754020691,5.3,43.96,3.0,78.0,43.96
42.89519548416138,5.2,43.95,3.0,78.0,43.95
42.94441294670105,3.1,43.95,3.0,78.0,43.95
42.99187088012695,4.3,43.96,3.0,78.0,43.96
43.0400869846344,5.2,43.96,3.0,78.0,43.96
43.0883584022522,4.2,43.96,3.0,78.0,43.96
43.13667821884155,5.2,43.96,3.0,78.0,43.96
43.184102058410645,4.3,43.97,3.0,78.0,43.97
43.23200011253357,5.2,43.97,3.0,78.0,43.97
43.28002142906189,4.2,43.98,3.0,78.0,43.98
43.327990770339966,4.2,43.98,3.0,78.0,43.98
43.376320123672485,4.2,43.98,3.0,78.0,43.98
43.4240779876709,5.2,43.98,3.0,78.0,43.98
43.47236251831055,5.2,43.98,3.0,78.0,43.98
43.520148277282715,3.2,43.98,3.0,78.0,43.98
43.5682954788208,5.2,43.92,3.0,78.0,43.92
43.61628460884094,5.2,43.92,3.0,78.0,43.92
43.6640944480896,3.2,43.83,3.0,78.0,43.83
43.71252679824829,4.2,43.83,3.0,78.0,43.83
43.760443449020386,5.2,43.7,3.0,78.0,43.7
43.8085298538208,5.2,43.7,3.0,78.0,43.7
43.856802225112915,3.2,43.7,3.0,78.0,43.7
43.9055073261261,5.2,43.6,3.0,78.0,43.6
43.95371079444885,4.2,43.6,3.0,78.0,43.6
44.0029354095459,4.1,43.49,3.0,78.0,43.49
44.05072546005249,5.2,43.49,3.0,78.0,43.49
44.0979278087616,4.3,43.39,3.0,78.0,43.39
44.14635181427002,5.2,43.39,3.0,78.0,43.39
44.19525098800659,4.1,43.29,3.0,78.0,43.29
44.24402141571045,5.1,43.29,3.0,78.0,43.29
44.29127526283264,4.3,43.18,3.0,78.0,43.18
44.339117765426636,4.2,43.18,3.0,78.0,43.18
44.38691997528076,4.2,43.07,3.0,78.0,43.07
44.43549704551697,5.2,43.07,3.0,78.0,43.07
44.48353886604309,4.2,42.97,3.0,78.0,42.97
44.53092670440674,4.3,42.97,3.0,78.0,42.97
44.57858371734619,4.2,42.86,3.0,78.0,42.86
44.6268675327301,5.2,42.86,3.0,78.0,42.86
44.67499351501465,4.2,42.81,3.0,78.0,42.81
44.72282123565674,4.2,42.81,3.0,78.0,42.81
44.77116060256958,5.2,42.81,3.0,78.0,42.81
44.81938338279724,4.2,42.81,3.0,78.0,42.81
44.867310762405396,5.2,42.83,3.0,78.0,42.83
44.914705753326416,3.2,42.83,3.0,78.0,42.83
44.96299910545349,5.2,42.82,3.0,78.0,42.82
45.01107454299927,4.2,42.82,3.0,78.0,42.82
45.05936670303345,4.2,42.92,3.0,78.0,42.92
45.10715103149414,5.2,42.92,3.0,78.0,42.92
45.15509819984436,4.3,42.92,3.0,78.0,42.92
45.20345091819763,5.2,43.03,3.0,78.0,43.03
45.2513632774353,4.2,43.03,3.0,78.0,43.03
45.298961877822876,4.2,43.11,3.0,78.0,43.11
45.34714412689209,5.2,43.11,3.0,78.0,43.11
45.39574694633484,4.1,43.22,3.0,78.0,43.22
45.442911863327026,5.3,43.22,3.0,78.0,43.22
45.49085569381714,4.2,43.33,3.0,78.0,43.33
45.5385582447052,4.2,43.33,3.0,78.0,43.33
45.58608818054199,4.3,43.43,3.0,78.0,43.43
45.63381910324097,4.2,43.43,3.0,78.0,43.43
45.681469202041626,5.3,43.53,3.0,78.0,43.53
45.7297785282135,4.2,43.53,3.0,78.0,43.53
45.778428077697754,4.1,43.62,3.0,78.0,43.62
45.82630920410156,5.2,43.62,3.0,78.0,43.62
45.87411594390869,4.2,43.72,3.0,78.0,43.72
45.92246699333191,4.2,43.72,3.0,78.0,43.72
45.97051954269409,4.2,43.81,3.0,78.0,43.81
46.01868033409119,5.2,43.81,3.0,78.0,43.81
46.06637692451477,5.2,43.92,3.0,78.0,43.92
46.11453366279602,3.2,43.92,3.0,78.0,43.92
46.16260504722595,5.2,43.93,3.0,78.0,43.93
46.21100831031799,5.2,43.93,3.0,78.0,43.93
46.25940227508545,4.2,43.92,3.0,78.0,43.92
46.30743360519409,5.2,43.92,3.0,78.0,43.92
46.35491704940796,3.2,43.92,3.0,78.0,43.92
46.40332078933716,5.2,43.92,3.0,78.0,43.92
46.45117950439453,4.2,43.92,3.0,78.0,43.92
46.499226093292236,5.2,43.92,3.0,78.0,43.92
46.54724669456482,4.2,43.92,3.0,78.0,43.92
46.596309423446655,4.1,43.92,3.0,78.0,43.92
46.644280672073364,5.2,43.92,3.0,78.0,43.92
46.692139625549316,5.2,43.91,3.0,78.0,43.91
46.7402777671814,3.2,43.91,3.0,78.0,43.91
46.78900146484375,5.2,43.93,3.0,78.0,43.93
46.83637833595276,4.3,43.93,3.0,78.0,43.93
46.88477969169617,5.1,43.94,3.0,78.0,43.94
46.93304944038391,4.2,43.94,3.0,78.0,43.94
46.98129463195801,5.2,43.95,3.0,78.0,43.95
47.02940583229065,3.2,43.95,3.0,78.0,43.95
47.07700705528259,5.2,43.96,3.0,78.0,43.96
47.125170946121216,4.2,43.96,3.0,78.0,43.96
47.17389392852783,6.2,43.97,3.0,78.0,43.97
47.22255802154541,4.1,43.97,3.0,78.0,43.97
47.27076077461243,3.2,43.95,3.0,78.0,43.95
47.31882452964783,5.2,43.95,3.0,78.0,43.95
47.36656641960144,5.2,43.95,3.0,78.0,43.95
47.41435122489929,4.2,43.95,3.0,78.0,43.95
47.462422370910645,4.2,43.95,3.0,78.0,43.95
47.5105414390564,4.2,43.95,3.0,78.0,43.95
47.5588903427124,5.2,43.93,3.0,78.0,43.93
47.60654807090759,4.2,43.93,3.0,78.0,43.93
47.65486001968384,5.2,43.93,3.0,78.0,43.93
47.702945709228516,3.2,43.95,3.0,78.0,43.95
47.75060772895813,5.3,43.95,3.0,78.0,43.95
47.79937171936035,5.1,43.95,3.0,78.0,43.95
47.84725832939148,4.2,43.95,3.0,78.0,43.95
47.89566612243652,4.2,43.95,3.0,78.0,43.95
47.943583726882935,5.2,43.95,3.0,78.0,43.95
47.991533041000366,3.2,43.94,3.0,78.0,43.94
48.03976511955261,5.2,43.94,3.0,78.0,43.94
48.087762117385864,4.2,43.94,3.0,78.0,43.94
48.13550066947937,5.2,43.94,3.0,78.0,43.94
48.18339133262634,5.2,43.96,3.0,78.0,43.96
48.23171949386597,5.2,43.96,3.0,78.0,43.96
48.27993726730347,4.2,43.95,3.0,78.0,43.95
48.327733516693115,3.2,43.95,3.0,78.0,43.95
48.376579999923706,5.2,43.96,3.0,78.0,43.96
48.42478823661804,4.2,43.96,3.0,78.0,43.96
48.47300863265991,5.2,43.97,3.0,78.0,43.97
48.52098631858826,4.2,43.97,3.0,78.0,43.97
48.569941997528076,5.1,43.96,3.0,78.0,43.96
48.618051528930664,4.2,43.96,3.0,78.0,43.96
48.665979862213135,4.2,43.97,3.0,78.0,43.97
48.714449644088745,4.2,43.97,3.0,78.0,43.97
48.76227259635925,5.2,43.98,3.0,78.0,43.98
48.81017303466797,4.2,43.98,3.0,78.0,43.98
48.85826849937439,5.2,43.99,3.0,78.0,43.99
48.90642786026001,4.2,43.99,3.0,78.0,43.99
48.9546685218811,4.2,43.99,3.0,78.0,43.99
49.003572940826416,4.1,43.99,3.0,78.0,43.99
49.05152606964111,4.2,43.99,3.0,78.0,43.99
49.09925317764282,5.3,44.0,3.0,78.0,44.0
49.147298097610474,4.2,44.0,3.0,78.0,44.0
49.19505763053894,5.3,44.0,3.0,78.0,44.0
49.24333167076111,5.2,44.0,3.0,78.0,44.0
49.291712284088135,4.2,43.99,3.0,78.0,43.99
49.34055852890015,4.1,43.99,3.0,78.0,43.99
49.388216495513916,4.2,43.98,3.0,78.0,43.98
49.436864137649536,4.1,43.98,3.0,78.0,43.98
49.484758138656616,5.2,43.97,3.0,78.0,43.97
49.53277778625488,4.2,43.97,3.0,78.0,43.97
49.58070373535156,5.2,43.96,3.0,78.0,43.96
49.62943458557129,5.2,43.96,3.0,78.0,43.96
49.67746615409851,3.2,43.96,3.0,78.0,43.96
49.72595810890198,5.2,43.96,3.0,78.0,43.96
49.77431583404541,4.2,43.96,3.0,78.0,43.96
49.822312355041504,5.2,43.96,3.0,78.0,43.96
49.870949506759644,4.2,43.96,3.0,78.0,43.96
49.91913676261902,4.2,43.96,3.0,78.0,43.96
49.967336893081665,5.2,43.95,3.0,78.0,43.95
50.015724420547485,4.2,43.95,3.0,78.0,43.95
50.06397795677185,4.2,43.95,3.0,78.0,43.95
50.11225366592407,4.2,43.95,3.0,78.0,43.95
50.161789655685425,5.1,43.94,3.0,78.0,43.94
50.2103066444397,6.1,43.94,3.0,78.0,43.94
50.25903344154358,4.1,43.94,3.0,78.0,43.94
50.307331800460815,4.2,43.94,3.0,78.0,43.94
50.35587024688721,5.2,43.94,3.0,78.0,43.94
50.40361714363098,4.2,43.95,3.0,78.0,43.95
50.45192742347717,4.2,43.95,3.0,78.0,43.95
50.499680042266846,4.2,43.96,3.0,78.0,43.96
50.547882080078125,4.2,43.96,3.0,78.0,43.96
50.59537124633789,4.3,43.97,3.0,78.0,43.97
50.64339017868042,5.2,43.97,3.0,78.0,43.97
50.69136905670166,4.2,43.99,3.0,78.0,43.99
57.79234194755554,5.0,78.16,41.0,82.0,78.16
57.88373374938965,3.3,77.22,8.0,82.0,77.22
