time_seconds,energy_estimate,cpu_utilization,gpu_utilization
1.9721059799194336,0.4538600921630859,6.0,0.0
2.102041244506836,0.4541347503662109,3.1,0.0
2.2311973571777344,0.4541347503662109,1.9,0.0
2.359792709350586,0.4541347503662109,2.0,0.0
2.489039897918701,0.4541805267333984,1.9,0.0
2.6168949604034424,0.4541805267333984,2.0,0.0
2.745851516723633,0.4541805267333984,1.6,0.0
2.8732070922851562,0.4541805267333984,2.0,0.0
3.002204656600952,0.4541805267333984,1.9,0.0
3.130157709121704,0.4541805267333984,2.4,0.0
3.2573533058166504,0.4541805267333984,2.0,0.0
3.3861911296844482,0.4541805267333984,2.3,0.0
3.51346755027771,0.4541805267333984,2.0,0.0
3.6407976150512695,0.4541805267333984,2.8,0.0
3.7683606147766113,7.954180526733398,2.0,3.0
3.8952975273132324,7.954180526733398,2.4,3.0
4.0241899490356445,37.804226303100585,2.0,3.0
4.153494596481323,7.954226303100586,2.3,3.0
4.2801353931427,7.954226303100586,2.0,3.0
4.407153606414795,7.954226303100586,2.4,3.0
4.536165952682495,7.954226303100586,2.7,3.0
4.663639783859253,7.954226303100586,2.0,3.0
4.790778398513794,22.954226303100587,2.0,3.0
4.918289661407471,7.954226303100586,2.4,3.0
5.046018123626709,7.954226303100586,2.0,3.0
5.173568487167358,7.954226303100586,2.7,3.0
5.300795078277588,7.954226303100586,2.0,3.0
5.427620887756348,7.954226303100586,2.4,3.0
5.555019855499268,7.954226303100586,2.0,3.0
5.682405233383179,7.954226303100586,2.0,3.0
5.80991268157959,7.954226303100586,2.4,3.0
5.9372007846832275,7.954226303100586,2.0,3.0
6.064657688140869,7.954226303100586,2.4,3.0
6.19191312789917,7.954226303100586,2.0,3.0
6.319479942321777,7.954226303100586,2.4,3.0
6.4463090896606445,7.954226303100586,2.0,3.0
6.573583126068115,7.954226303100586,2.4,3.0
6.700926065444946,7.954226303100586,2.4,3.0
6.828104257583618,7.954226303100586,1.6,3.0
6.9573469161987305,7.954272079467773,2.3,3.0
7.084148168563843,7.954272079467773,5.6,3.0
7.208914518356323,7.954272079467773,1.6,3.0
7.335937023162842,7.954272079467773,2.4,3.0
7.462512731552124,7.954272079467773,1.6,3.0
7.589359521865845,7.954272079467773,2.0,3.0
7.716250658035278,7.954272079467773,2.8,3.0
7.8429765701293945,7.954272079467773,2.0,3.0
7.968093395233154,7.954272079467773,2.4,3.0
8.095174789428711,7.954272079467773,2.0,3.0
8.222396850585938,7.954272079467773,2.0,3.0
8.349974870681763,7.954272079467773,2.4,3.0
8.478621244430542,7.954317855834961,2.0,3.0
8.605660676956177,7.954317855834961,2.0,3.0
8.732449531555176,2.9543178558349608,2.0,1.0
8.859156608581543,2.9543178558349608,2.0,1.0
8.986201763153076,2.9543178558349608,2.0,1.0
9.113084554672241,2.9543178558349608,2.0,1.0
9.24026608467102,2.9543178558349608,2.0,1.0
9.366877555847168,2.9543178558349608,2.4,1.0
9.494237899780273,2.9543178558349608,1.6,1.0
9.625411987304688,2.9543178558349608,3.0,1.0
9.753881216049194,2.9543178558349608,1.6,1.0
9.884437799453735,32.80431785583496,2.3,1.0
10.016829252243042,2.9543178558349608,2.7,1.0
10.149986505508423,2.9543178558349608,2.2,1.0
10.284067630767822,2.9543178558349608,2.6,1.0
10.411744832992554,2.9543178558349608,2.0,1.0
10.54145073890686,32.80431785583496,2.7,1.0
10.673120021820068,7.954317855834961,1.9,3.0
10.805877447128296,7.954317855834961,2.3,3.0
10.939615726470947,7.954317855834961,2.3,3.0
11.067233085632324,22.95431785583496,2.0,3.0
11.196998119354248,7.954317855834961,1.9,3.0
11.328371286392212,7.954317855834961,2.3,3.0
11.461184740066528,7.954317855834961,2.3,3.0
11.59483003616333,7.954363632202148,2.6,3.0
11.722661256790161,5.454363632202148,2.4,2.0
11.852589845657349,5.454363632202148,1.9,2.0
11.984429597854614,5.454363632202148,1.9,2.0
12.117944717407227,5.454363632202148,2.6,2.0
12.251319646835327,5.454363632202148,2.2,2.0
12.379384279251099,5.454363632202148,2.0,2.0
12.510358333587646,5.454409408569336,2.3,2.0
12.64574146270752,5.454409408569336,2.2,2.0
12.774139165878296,22.954409408569337,2.3,3.0
12.906672716140747,7.954409408569336,1.9,3.0
13.03478479385376,22.954409408569337,2.3,3.0
13.162720203399658,7.954409408569336,3.2,3.0
13.29404354095459,7.954409408569336,3.1,3.0
13.422291994094849,7.954409408569336,2.0,3.0
13.549602031707764,7.954409408569336,2.4,3.0
13.679123163223267,7.954455184936523,5.1,3.0
13.804709672927856,7.954455184936523,8.8,3.0
13.932956218719482,7.954455184936523,7.5,3.0
14.0584237575531,7.954455184936523,8.8,3.0
14.185706377029419,7.954455184936523,6.0,3.0
14.315352439880371,7.954455184936523,5.9,3.0
14.443856716156006,7.954455184936523,18.7,3.0
14.570170640945435,7.954455184936523,2.8,3.0
14.70291018486023,7.954455184936523,2.3,3.0
14.83102035522461,7.954455184936523,14.5,3.0
14.963460206985474,7.954455184936523,3.4,3.0
15.09354543685913,22.954455184936524,2.3,3.0
15.221801280975342,7.954455184936523,3.1,3.0
15.349526166915894,7.954455184936523,2.8,3.0
15.478057622909546,7.954455184936523,3.2,3.0
15.605807065963745,7.954455184936523,3.1,3.0
15.733566045761108,0.4544551849365234,2.4,0.0
15.861594200134277,0.4544551849365234,1.6,0.0
15.989466905593872,0.4544551849365234,2.7,0.0
16.11819291114807,0.4544551849365234,2.0,0.0
16.246320009231567,0.4544551849365234,2.4,0.0
16.37397003173828,0.4544551849365234,2.0,0.0
16.50230836868286,0.4544551849365234,2.4,0.0
16.63056707382202,0.4544551849365234,2.0,0.0
16.758437156677246,5.454455184936523,2.0,2.0
16.886624097824097,5.454455184936523,2.3,2.0
17.01481819152832,5.454455184936523,2.4,2.0
17.143200159072876,5.454455184936523,1.6,2.0
17.271626710891724,5.454455184936523,2.3,2.0
17.39933180809021,5.454455184936523,1.6,2.0
17.527619123458862,5.454455184936523,2.4,2.0
17.655483722686768,5.454455184936523,2.8,2.0
17.784583806991577,7.954455184936523,8.2,3.0
17.914411544799805,7.954455184936523,8.2,3.0
18.044437170028687,7.954455184936523,5.4,3.0
18.17308807373047,7.954455184936523,2.0,3.0
18.304474353790283,7.954500961303711,8.2,3.0
18.432708501815796,7.954500961303711,8.6,3.0
18.561894416809082,7.954500961303711,6.7,3.0
18.69422221183777,7.954500961303711,4.2,3.0
18.822183847427368,22.95450096130371,1.6,3.0
18.950106143951416,7.954500961303711,2.0,3.0
19.078816652297974,7.954500961303711,2.0,3.0
19.207031726837158,7.954500961303711,2.0,3.0
19.33595848083496,7.954500961303711,6.7,3.0
19.464415788650513,7.954500961303711,2.4,3.0
19.5922212600708,7.954500961303711,2.4,3.0
19.72046709060669,5.454500961303711,2.4,2.0
19.84808039665222,5.454500961303711,2.0,2.0
19.976268768310547,5.454500961303711,2.0,2.0
20.104524850845337,5.454500961303711,2.0,2.0
20.23269248008728,5.454500961303711,1.2,2.0
20.360886812210083,5.454500961303711,2.4,2.0
20.489487886428833,5.454500961303711,2.0,2.0
20.623979091644287,5.454546737670898,2.3,2.0
20.75218415260315,2.9545467376708983,2.3,1.0
20.88057518005371,2.9545467376708983,2.0,1.0
21.009450912475586,2.9545467376708983,2.0,1.0
21.138420820236206,2.9545925140380858,2.3,1.0
21.26681423187256,2.9545925140380858,2.0,1.0
21.396448373794556,2.9545925140380858,2.0,1.0
21.523614406585693,2.9545925140380858,2.0,1.0
21.651156425476074,2.9545925140380858,2.8,1.0
21.779412746429443,7.954592514038086,2.4,3.0
21.908017873764038,7.954592514038086,2.4,3.0
22.0361008644104,7.954592514038086,2.0,3.0
22.164515018463135,7.954592514038086,2.0,3.0
22.292582750320435,7.954592514038086,1.6,3.0
22.421040534973145,7.954592514038086,2.3,3.0
22.54867911338806,7.954592514038086,2.0,3.0
22.675942182540894,7.954592514038086,2.0,3.0
22.803534030914307,7.954592514038086,2.0,3.0
22.93176794052124,7.954592514038086,2.4,3.0
23.058762073516846,7.954592514038086,2.0,3.0
23.186363697052002,7.954592514038086,1.6,3.0
23.314239025115967,7.954592514038086,2.0,3.0
23.441545009613037,7.954592514038086,2.0,3.0
23.569950103759766,7.954592514038086,2.0,3.0
23.697691202163696,7.954592514038086,2.4,3.0
23.825873613357544,7.954592514038086,2.0,3.0
23.95457649230957,7.954592514038086,2.4,3.0
24.08267593383789,7.954592514038086,2.0,3.0
24.210734128952026,7.954592514038086,2.0,3.0
24.339619636535645,7.954592514038086,2.3,3.0
24.468319177627563,7.954592514038086,2.0,3.0
24.596487998962402,7.954592514038086,2.0,3.0
24.724084615707397,2.9545925140380858,1.6,1.0
24.85221838951111,2.9545925140380858,2.0,1.0
24.981088638305664,2.9545925140380858,1.6,1.0
25.10891604423523,2.9545925140380858,2.0,1.0
25.238571166992188,2.9546382904052733,2.3,1.0
25.366507530212402,2.9546382904052733,2.8,1.0
25.49533987045288,2.9546382904052733,1.6,1.0
25.623677253723145,2.9546382904052733,2.4,1.0
25.753124475479126,2.9546382904052733,2.3,1.0
25.886188745498657,2.9546382904052733,1.9,1.0
26.019846200942993,2.9546382904052733,1.9,1.0
26.15404963493347,2.9546382904052733,2.2,1.0
26.285956144332886,2.9546382904052733,2.7,1.0
26.4134624004364,2.9546382904052733,2.8,1.0
26.546860694885254,2.9546382904052733,1.9,1.0
26.677226066589355,7.954638290405273,1.9,3.0
26.80926251411438,7.954638290405273,1.9,3.0
26.942628860473633,7.954638290405273,2.7,3.0
27.07065463066101,7.954638290405273,6.0,3.0
27.201286792755127,7.954638290405273,6.2,3.0
27.331682443618774,7.954638290405273,7.4,3.0
27.468388319015503,7.954638290405273,7.4,3.0
27.601805686950684,7.954638290405273,5.3,3.0
27.736129760742188,0.4546382904052734,2.6,0.0
27.870402812957764,0.4546382904052734,2.6,0.0
28.002384424209595,0.4546382904052734,9.8,0.0
28.132135152816772,0.4546382904052734,10.2,0.0
28.258177995681763,0.4546382904052734,6.3,0.0
28.369269371032715,0.4546382904052734,5.9,0.0
28.480932235717773,0.4546382904052734,7.2,0.0
28.597124099731445,15.454638290405274,6.9,0.0
28.714122772216797,5.454638290405273,1.3,2.0
28.83506155014038,5.454638290405273,1.7,2.0
28.950326442718506,5.454638290405273,1.7,2.0
29.070226907730103,5.454638290405273,1.7,2.0
29.186096668243408,5.454638290405273,1.7,2.0
29.30522108078003,5.454638290405273,6.8,2.0
29.41948103904724,5.454638290405273,9.7,2.0
29.538434267044067,20.454638290405274,9.8,2.0
29.655341625213623,5.454638290405273,9.9,2.0
29.78870129585266,7.954638290405273,5.3,3.0
29.9224374294281,7.954638290405273,3.4,3.0
30.056007146835327,7.954638290405273,3.4,3.0
30.182557106018066,7.954638290405273,3.2,3.0
30.29802656173706,7.954638290405273,1.7,3.0
30.41283893585205,7.954638290405273,1.7,3.0
30.527400255203247,22.954638290405274,2.2,3.0
30.641612768173218,7.954638290405273,1.8,3.0
30.7574405670166,7.954638290405273,7.9,3.0
30.873294830322266,7.954638290405273,6.1,3.0
30.99097967147827,7.954638290405273,3.0,3.0
31.105920791625977,7.954684066772461,1.3,3.0
31.222009897232056,7.954684066772461,2.2,3.0
31.33799958229065,7.954684066772461,6.1,3.0
31.45783042907715,7.954684066772461,6.8,3.0
31.57553791999817,7.954684066772461,2.6,3.0
31.694866180419922,7.954684066772461,2.1,3.0
31.80998921394348,7.954684066772461,2.6,3.0
31.925444841384888,7.954684066772461,2.2,3.0
32.044458866119385,22.95468406677246,3.8,3.0
32.162442445755005,7.954684066772461,6.4,3.0
32.28194332122803,7.954684066772461,3.8,3.0
32.39914274215698,7.954684066772461,5.2,3.0
32.51897859573364,7.954684066772461,5.1,3.0
32.635557413101196,7.954684066772461,1.7,3.0
32.75048828125,7.954684066772461,1.3,3.0
32.87069749832153,7.954729843139648,2.1,3.0
32.98621892929077,7.954729843139648,2.2,3.0
33.101799726486206,7.954729843139648,1.7,3.0
33.22196650505066,7.954729843139648,2.1,3.0
33.34249711036682,7.954729843139648,2.1,3.0
33.45829629898071,7.954729843139648,1.7,3.0
33.57350945472717,7.954729843139648,1.7,3.0
33.693161964416504,7.954729843139648,4.7,3.0
33.81083703041077,7.954729843139648,7.3,3.0
33.92775225639343,7.954729843139648,6.5,3.0
34.04837989807129,7.954729843139648,2.5,3.0
34.16873621940613,7.954729843139648,2.1,3.0
34.2841010093689,7.954729843139648,2.2,3.0
34.39912986755371,7.954729843139648,1.8,3.0
34.51840829849243,7.954729843139648,5.5,3.0
34.635071992874146,7.954729843139648,7.0,3.0
34.74937629699707,7.954729843139648,5.8,3.0
34.86919927597046,7.954729843139648,2.1,3.0
34.984163999557495,7.954729843139648,1.7,3.0
35.09971261024475,7.954729843139648,1.7,3.0
35.21554398536682,7.954729843139648,1.7,3.0
35.330766439437866,7.954729843139648,2.2,3.0
35.44614386558533,7.954729843139648,1.7,3.0
35.561070680618286,7.954729843139648,3.1,3.0
35.67344927787781,7.954729843139648,6.2,3.0
35.785741567611694,7.954729843139648,17.0,3.0
35.89942121505737,7.954729843139648,10.8,3.0
36.01251816749573,7.954729843139648,10.2,3.0
36.125361919403076,7.954729843139648,8.6,3.0
36.2386257648468,7.954729843139648,10.2,3.0
36.35189938545227,7.954729843139648,8.4,3.0
36.46423554420471,7.954729843139648,4.9,3.0
36.57648515701294,22.95472984313965,2.2,3.0
36.69235610961914,7.954729843139648,1.7,3.0
36.81231212615967,7.954729843139648,2.1,3.0
36.927464723587036,7.954729843139648,1.7,3.0
37.04694485664368,7.954729843139648,1.7,3.0
37.162208795547485,7.954729843139648,5.8,3.0
37.276207447052,7.954729843139648,7.1,3.0
37.393898248672485,7.954729843139648,4.3,3.0
37.50994873046875,7.954729843139648,3.1,3.0
37.62914991378784,7.954729843139648,1.7,3.0
37.744256019592285,7.954729843139648,1.7,3.0
37.85912489891052,7.954729843139648,1.7,3.0
37.974536657333374,7.954729843139648,2.2,3.0
38.09008550643921,7.954729843139648,1.7,3.0
38.20570135116577,7.954729843139648,2.6,3.0
38.32135510444641,7.954729843139648,2.6,3.0
38.4365713596344,7.954729843139648,1.8,3.0
38.5521936416626,7.954729843139648,2.2,3.0
38.66822934150696,7.954729843139648,1.7,3.0
38.783305644989014,7.954729843139648,1.7,3.0
38.89920687675476,7.954729843139648,1.7,3.0
39.013988733291626,7.954729843139648,1.3,3.0
39.1288583278656,7.954729843139648,2.2,3.0
39.24408745765686,7.954729843139648,1.3,3.0
39.35870003700256,7.954729843139648,2.6,3.0
39.47407674789429,7.954729843139648,1.7,3.0
39.58960032463074,22.95472984313965,1.7,3.0
39.705087661743164,7.954729843139648,1.7,3.0
39.820709466934204,22.95472984313965,2.2,3.0
39.93600106239319,7.954729843139648,2.2,3.0
40.048200607299805,7.954729843139648,5.8,3.0
40.160266399383545,7.954729843139648,5.8,3.0
40.272296667099,7.954729843139648,4.0,3.0
40.38765835762024,7.954729843139648,1.3,3.0
40.502848863601685,7.954729843139648,1.7,3.0
40.62729501724243,7.954775619506836,2.4,3.0
40.7557110786438,7.954775619506836,1.9,3.0
40.883769035339355,7.954775619506836,1.6,3.0
41.01216101646423,7.954775619506836,2.0,3.0
41.141231536865234,7.954775619506836,1.9,3.0
41.269397497177124,7.954775619506836,1.6,3.0
41.39794611930847,7.954775619506836,1.6,3.0
41.525734186172485,7.954775619506836,2.0,3.0
41.65789794921875,7.954775619506836,1.9,3.0
41.78984355926514,7.954775619506836,1.5,3.0
41.922621965408325,7.954775619506836,2.7,3.0
42.055007219314575,7.954775619506836,2.3,3.0
42.18298006057739,7.954775619506836,2.7,3.0
42.313112020492554,7.954775619506836,1.5,3.0
42.444618701934814,7.954775619506836,1.9,3.0
42.5772659778595,7.954775619506836,2.3,3.0
42.70610046386719,7.954775619506836,2.3,3.0
42.84001159667969,7.954775619506836,2.3,3.0
42.973570585250854,22.954775619506837,1.9,3.0
43.106003761291504,7.954775619506836,2.3,3.0
43.238582134246826,7.954775619506836,2.3,3.0
43.366122245788574,7.954775619506836,2.0,3.0
43.49491024017334,7.954775619506836,2.0,3.0
43.62588930130005,7.954775619506836,1.9,3.0
43.758647203445435,5.454775619506836,2.3,2.0
43.891831398010254,5.454775619506836,2.3,2.0
44.02395677566528,5.454775619506836,2.3,2.0
44.15814185142517,5.454775619506836,2.2,2.0
44.28718137741089,5.454775619506836,2.0,2.0
44.418288707733154,5.454775619506836,1.9,2.0
44.55103588104248,20.454775619506837,2.3,2.0
44.68795609474182,7.954775619506836,2.2,3.0
44.82390260696411,7.954775619506836,1.9,3.0
44.95524024963379,7.954775619506836,2.3,3.0
45.08810472488403,7.954775619506836,3.0,3.0
45.21579432487488,7.954775619506836,2.0,3.0
45.344939947128296,7.954775619506836,1.9,3.0
45.47646903991699,7.954775619506836,2.3,3.0
45.60849332809448,22.954775619506837,1.9,3.0
45.74139404296875,2.9547756195068358,1.5,1.0
45.869099617004395,2.9547756195068358,2.8,1.0
45.99885630607605,2.9547756195068358,3.5,1.0
46.131065130233765,2.9547756195068358,2.3,1.0
46.263551235198975,2.9547756195068358,3.4,1.0
46.39761447906494,2.9547756195068358,3.7,1.0
46.52978444099426,2.9547756195068358,3.1,1.0
46.66766929626465,2.9547756195068358,1.8,3.0
46.79584050178528,7.954775619506836,2.0,3.0
46.92552137374878,7.954775619506836,8.2,3.0
47.05355978012085,7.954775619506836,2.3,3.0
47.18179941177368,7.954775619506836,2.0,3.0
47.310704946517944,7.954775619506836,2.0,3.0
47.44142556190491,7.954775619506836,2.3,3.0
47.5746750831604,7.954775619506836,2.3,3.0
47.70832562446594,5.454775619506836,4.2,2.0
47.8396680355072,5.454775619506836,7.8,2.0
47.96940732002258,20.454775619506837,6.6,2.0
48.10215139389038,5.454775619506836,4.1,2.0
48.234681367874146,5.454775619506836,2.3,2.0
48.36893010139465,5.454912948608398,1.9,2.0
48.5014123916626,5.454912948608398,2.6,2.0
48.62879133224487,5.454912948608398,2.4,2.0
48.75832724571228,7.954912948608398,3.9,3.0
48.89059543609619,7.954912948608398,4.2,3.0
49.02431607246399,7.954912948608398,3.8,3.0
49.155343532562256,7.954912948608398,1.9,3.0
49.28359866142273,7.954912948608398,2.4,3.0
49.412734031677246,7.954912948608398,2.3,3.0
49.544620752334595,7.954912948608398,1.9,3.0
49.677253007888794,7.954912948608398,2.7,3.0
49.81148171424866,7.954912948608398,2.6,3.0
49.93888187408447,7.954912948608398,2.0,3.0
50.068015575408936,7.954912948608398,2.3,3.0
50.20055055618286,7.954912948608398,2.3,3.0
50.33322858810425,7.954912948608398,2.3,3.0
50.46623158454895,7.954912948608398,2.3,3.0
50.594484090805054,37.954912948608396,2.8,3.0
50.72480392456055,0.4549129486083984,1.9,0.0
50.855852127075195,0.4549129486083984,2.3,0.0
50.9885094165802,0.4549129486083984,9.5,0.0
51.12295460700989,0.4549129486083984,2.6,0.0
51.25330185890198,0.4549129486083984,2.7,0.0
51.3845591545105,15.4549129486084,2.7,0.0
51.51491045951843,0.4549129486083984,2.3,0.0
51.650168657302856,0.4549129486083984,2.6,0.0
51.7813286781311,7.954912948608398,3.1,3.0
51.91026759147644,7.954912948608398,3.1,3.0
52.038432359695435,7.954912948608398,2.0,3.0
52.167892932891846,7.954912948608398,2.7,3.0
52.296141624450684,7.954912948608398,2.4,3.0
52.4245982170105,7.954912948608398,2.0,3.0
52.55328035354614,7.954912948608398,2.4,3.0
52.68096876144409,7.954912948608398,2.0,3.0
52.80870604515076,7.954912948608398,2.0,3.0
52.93665099143982,7.954912948608398,2.4,3.0
53.06465530395508,7.954912948608398,3.9,3.0
53.19316029548645,7.954912948608398,2.8,3.0
53.32161998748779,7.954912948608398,3.1,3.0
53.45090913772583,7.954912948608398,3.5,3.0
53.57952404022217,7.954912948608398,3.1,3.0
53.70806932449341,5.454912948608398,2.7,2.0
53.836694955825806,5.454912948608398,2.4,2.0
53.965972900390625,5.454912948608398,3.9,2.0
54.09492015838623,5.454912948608398,2.4,2.0
54.22357654571533,5.454912948608398,2.3,2.0
54.351166009902954,5.454912948608398,1.6,2.0
54.479002714157104,5.454912948608398,2.0,2.0
54.607280254364014,5.454912948608398,2.0,2.0
54.734971046447754,2.9549129486083983,2.7,1.0
54.862895250320435,2.9549129486083983,2.0,1.0
54.99151039123535,2.9549129486083983,4.3,1.0
55.12655448913574,2.9549129486083983,4.9,1.0
55.258694887161255,2.9549129486083983,2.3,1.0
55.391608238220215,2.9549129486083983,2.3,1.0
55.525248527526855,2.9549129486083983,2.3,1.0
55.65381455421448,2.9549129486083983,2.0,1.0
55.78152298927307,7.954912948608398,2.4,3.0
55.91343808174133,7.954912948608398,2.3,3.0
56.04186940193176,7.954912948608398,2.7,3.0
56.170414447784424,7.954912948608398,2.3,3.0
56.2978630065918,7.954912948608398,2.0,3.0
56.425835609436035,7.954912948608398,2.7,3.0
56.55390930175781,7.954912948608398,2.4,3.0
56.68113350868225,7.954912948608398,2.0,3.0
56.80903744697571,7.954912948608398,2.4,3.0
56.93620681762695,22.9549129486084,2.0,3.0
57.068220138549805,7.954912948608398,2.3,3.0
57.196181535720825,7.954912948608398,2.0,3.0
57.323790550231934,7.954912948608398,1.6,3.0
57.45159602165222,7.954912948608398,3.1,3.0
57.57944989204407,7.954912948608398,2.0,3.0
57.707940101623535,5.454912948608398,2.4,2.0
57.83617925643921,5.454912948608398,1.6,2.0
57.96415615081787,5.454912948608398,2.0,2.0
58.09234356880188,5.454912948608398,2.0,2.0
58.221811294555664,5.454912948608398,3.1,2.0
58.349689960479736,5.454912948608398,2.0,2.0
58.476125717163086,5.454912948608398,3.2,2.0
58.6024911403656,5.454912948608398,1.6,2.0
58.72933268547058,0.4549129486083984,2.0,0.0
58.85609197616577,0.4549129486083984,1.6,0.0
58.983067989349365,0.4549129486083984,2.4,0.0
59.11364459991455,0.4549129486083984,1.9,0.0
59.24075388908386,0.4549129486083984,3.6,0.0
59.367875814437866,0.4549129486083984,2.8,0.0
59.49697399139404,0.4549129486083984,2.3,0.0
59.62356233596802,15.4549129486084,2.4,0.0
59.75044870376587,7.954912948608398,2.0,3.0
59.87742233276367,7.954912948608398,3.2,3.0
60.00385594367981,7.954912948608398,2.8,3.0
60.13051104545593,7.954912948608398,3.6,3.0
60.260934829711914,7.954912948608398,2.7,3.0
60.387014389038086,7.954912948608398,2.8,3.0
60.51345634460449,7.954912948608398,3.2,3.0
60.64348840713501,22.9549129486084,3.1,3.0
60.77228593826294,7.954912948608398,1.9,3.0
60.898757457733154,7.954912948608398,2.4,3.0
61.02549409866333,7.954912948608398,2.4,3.0
61.15768527984619,7.954912948608398,6.1,3.0
61.28617978096008,7.954912948608398,6.7,3.0
61.413901805877686,7.954912948608398,4.3,3.0
61.54123067855835,22.9549129486084,3.2,3.0
61.67426776885986,7.954912948608398,2.3,3.0
61.80246019363403,22.9549129486084,2.0,3.0
61.93560075759888,7.954912948608398,4.2,3.0
62.06645345687866,7.954912948608398,5.9,3.0
62.19519543647766,7.954912948608398,3.1,3.0
62.32657837867737,7.954912948608398,2.3,3.0
62.45733666419983,7.954912948608398,1.9,3.0
62.591713428497314,7.954912948608398,3.0,3.0
62.71910881996155,15.4549129486084,2.4,0.0
62.847012758255005,0.4549129486083984,2.4,0.0
62.978214740753174,0.4549129486083984,2.3,0.0
63.11044883728027,0.4549129486083984,1.9,0.0
63.237509965896606,0.4549129486083984,2.8,0.0
63.36581587791443,0.4549129486083984,2.4,0.0
63.496755599975586,0.4549129486083984,2.3,0.0
63.628777265548706,0.4549129486083984,3.4,0.0
63.756200075149536,7.954912948608398,2.0,3.0
63.88852310180664,7.954912948608398,2.3,3.0
64.01894450187683,7.954912948608398,3.5,3.0
64.15207576751709,7.954912948608398,4.6,3.0
64.28086447715759,7.954912948608398,4.7,3.0
64.41220092773438,7.954912948608398,3.1,3.0
64.54396796226501,7.954912948608398,3.8,3.0
64.67780137062073,7.954912948608398,2.3,3.0
64.80773210525513,7.954912948608398,3.1,3.0
64.93874049186707,7.954912948608398,4.2,3.0
65.06978011131287,7.954912948608398,13.6,3.0
65.19985151290894,7.954912948608398,5.8,3.0
65.33118677139282,7.954912948608398,4.2,3.0
65.46658492088318,7.954912948608398,2.6,3.0
65.5978524684906,7.954912948608398,1.9,3.0
65.73378777503967,0.4549129486083984,2.2,0.0
65.86628484725952,0.4549129486083984,2.3,0.0
65.99307084083557,0.4549129486083984,1.6,0.0
66.12204360961914,0.4549129486083984,2.0,0.0
66.25319385528564,0.4549129486083984,1.6,0.0
66.38521409034729,0.4549129486083984,2.3,0.0
66.51269125938416,0.4549129486083984,2.0,0.0
66.64086866378784,15.4549129486084,2.0,0.0
66.77195906639099,7.954912948608398,2.3,3.0
66.90425539016724,7.954912948608398,2.3,3.0
67.03184485435486,7.954912948608398,2.0,3.0
67.16247272491455,7.954912948608398,4.3,3.0
67.29064750671387,7.954912948608398,5.1,3.0
67.42374467849731,7.954912948608398,1.9,3.0
67.55178165435791,7.954912948608398,4.8,3.0
67.6811032295227,7.954912948608398,3.9,3.0
67.81189227104187,7.954912948608398,3.8,3.0
67.94580721855164,7.954912948608398,4.6,3.0
68.07590627670288,7.954912948608398,4.2,3.0
68.20436334609985,7.954912948608398,3.5,3.0
68.33722877502441,7.954912948608398,4.5,3.0
68.47119903564453,7.954912948608398,3.4,3.0
68.60223722457886,7.954912948608398,2.7,3.0
68.73717975616455,2.9549129486083983,2.2,1.0
68.86831545829773,2.9549129486083983,5.3,1.0
68.99368691444397,2.9549129486083983,4.9,1.0
69.11024880409241,2.9549129486083983,3.0,1.0
69.22462630271912,2.9549129486083983,2.2,1.0
69.33874082565308,2.9549129486083983,2.7,1.0
69.45288872718811,2.9549129486083983,1.8,1.0
69.56751751899719,17.9549129486084,1.8,1.0
69.68106508255005,7.954912948608398,2.2,3.0
69.79503011703491,22.9549129486084,2.2,3.0
69.90847206115723,22.9549129486084,1.3,3.0
70.02214241027832,7.954912948608398,2.2,3.0
70.13550639152527,7.954912948608398,1.8,3.0
70.24938440322876,7.954912948608398,2.2,3.0
70.3633337020874,7.954912948608398,2.2,3.0
70.47704410552979,7.954912948608398,2.7,3.0
70.59120774269104,22.9549129486084,2.7,3.0
70.70597529411316,2.9549129486083983,1.8,1.0
70.81953573226929,2.9549129486083983,1.8,1.0
70.93292951583862,2.9549129486083983,2.2,1.0
71.04644107818604,17.9549129486084,1.8,1.0
71.15994358062744,2.9549129486083983,2.2,1.0
71.27371883392334,2.9549129486083983,2.7,1.0
71.38873100280762,2.9549129486083983,2.6,1.0
71.5036051273346,2.9549129486083983,3.1,1.0
71.61882662773132,2.9549129486083983,3.5,1.0
71.73344779014587,7.954912948608398,4.4,3.0
71.84894132614136,7.954912948608398,7.0,3.0
71.96393322944641,7.954912948608398,4.4,3.0
72.07838654518127,7.954912948608398,1.8,3.0
72.1929223537445,7.954912948608398,2.6,3.0
72.30691456794739,7.954912948608398,6.7,3.0
72.4230797290802,7.954912948608398,3.4,3.0
72.53810715675354,7.954912948608398,22.1,3.0
72.67689228057861,7.954912948608398,27.3,3.0
72.80238747596741,7.954912948608398,12.0,3.0
72.92750215530396,7.954912948608398,3.2,3.0
73.05492544174194,7.954912948608398,2.4,3.0
73.18430233001709,7.954912948608398,2.7,3.0
73.31138849258423,7.954912948608398,2.4,3.0
73.43823528289795,7.954912948608398,2.0,3.0
73.564866065979,7.954912948608398,2.8,3.0
73.69231176376343,7.954912948608398,2.0,3.0
73.81910109519958,7.954912948608398,2.0,3.0
73.94599747657776,7.954912948608398,2.4,3.0
74.07357263565063,7.954912948608398,2.0,3.0
74.20146560668945,7.954912948608398,2.4,3.0
74.32897567749023,7.954912948608398,2.4,3.0
74.45567226409912,22.9549129486084,2.4,3.0
74.58272433280945,7.954912948608398,1.6,3.0
74.71344637870789,2.9549129486083983,2.3,1.0
74.84557461738586,2.9549129486083983,2.3,1.0
74.97347211837769,2.9549129486083983,2.7,1.0
75.10517597198486,2.9549129486083983,1.5,1.0
75.23234748840332,2.9549129486083983,2.0,1.0
75.35886669158936,2.9549129486083983,2.0,1.0
75.48624038696289,2.9549129486083983,2.0,1.0
75.613694190979,2.9549129486083983,2.4,1.0
75.74077486991882,5.454912948608398,1.6,2.0
75.86789345741272,5.454912948608398,2.4,2.0
75.99524426460266,5.454912948608398,2.4,2.0
76.12159538269043,5.454912948608398,2.0,2.0
76.24925422668457,5.454912948608398,2.4,2.0
76.37538933753967,5.454912948608398,2.0,2.0
76.50317406654358,5.454912948608398,2.3,2.0
76.63088035583496,5.454912948608398,2.3,2.0
76.75875401496887,7.954912948608398,2.0,3.0
76.8860068321228,7.954912948608398,2.4,3.0
77.01348948478699,7.954912948608398,2.4,3.0
77.1410505771637,7.954912948608398,2.0,3.0
77.26881146430969,7.954912948608398,2.0,3.0
77.39559888839722,7.954912948608398,2.0,3.0
77.52309966087341,7.954912948608398,2.0,3.0
77.6501955986023,7.954912948608398,2.0,3.0
77.77778887748718,7.954912948608398,2.0,3.0
77.90834951400757,7.954912948608398,2.3,3.0
78.03528904914856,7.954912948608398,2.0,3.0
78.1670093536377,7.954912948608398,1.9,3.0
78.29449152946472,7.954912948608398,2.4,3.0
78.42158389091492,22.9549129486084,1.6,3.0
78.549152135849,7.954912948608398,2.0,3.0
78.67886590957642,7.954912948608398,2.7,3.0
78.80992150306702,7.954912948608398,2.3,3.0
78.9422287940979,7.954912948608398,1.9,3.0
79.0689857006073,7.954912948608398,2.0,3.0
79.19722819328308,7.954912948608398,2.0,3.0
79.32800102233887,7.954912948608398,2.3,3.0
79.45993041992188,7.954912948608398,1.9,3.0
79.58693981170654,7.954912948608398,2.4,3.0
79.71596550941467,0.4549129486083984,1.9,0.0
79.84692716598511,0.4549129486083984,1.9,0.0
79.97958421707153,0.4549129486083984,2.3,0.0
80.10699796676636,0.4549129486083984,2.0,0.0
80.23521685600281,0.4549129486083984,2.3,0.0
80.36636471748352,0.4549129486083984,2.3,0.0
80.49903869628906,0.4549129486083984,2.3,0.0
80.63326978683472,15.4549129486084,2.6,0.0
80.76075029373169,7.954912948608398,2.4,3.0
80.8880262374878,7.954912948608398,2.0,3.0
81.0156180858612,7.954912948608398,2.4,3.0
81.14765763282776,7.954912948608398,2.7,3.0
81.2749240398407,7.954912948608398,27.7,3.0
81.39919877052307,7.954912948608398,7.3,3.0
81.52640628814697,7.954912948608398,5.6,3.0
81.65409922599792,7.954912948608398,5.2,3.0
81.77884078025818,7.954912948608398,4.0,3.0
81.90448570251465,7.954912948608398,5.6,3.0
82.02988290786743,7.954912948608398,5.2,3.0
82.15452837944031,7.954912948608398,4.0,3.0
82.28075313568115,7.954912948608398,3.6,3.0
82.40711665153503,22.9549129486084,3.6,3.0
82.53213119506836,7.954912948608398,4.0,3.0
82.65965580940247,7.954912948608398,3.6,3.0
82.78656792640686,7.954912948608398,2.4,3.0
82.91311573982239,7.954912948608398,9.6,3.0
83.03666257858276,7.954912948608398,2.0,3.0
83.16296863555908,7.954912948608398,2.8,3.0
83.2899329662323,7.954912948608398,1.6,3.0
83.41714644432068,7.954912948608398,2.4,3.0
83.54428029060364,7.954912948608398,2.0,3.0
83.67182421684265,7.954912948608398,4.4,3.0
83.79516911506653,7.954912948608398,4.1,3.0
83.92238998413086,7.954912948608398,4.4,3.0
84.04855012893677,7.954912948608398,4.0,3.0
84.17759370803833,7.954958724975586,2.4,3.0
84.30876922607422,22.954958724975587,16.8,3.0
84.42359733581543,7.954958724975586,3.5,3.0
84.53496170043945,7.954958724975586,8.6,3.0
84.65147233009338,7.954958724975586,3.9,3.0
84.76596164703369,7.954958724975586,4.9,3.0
84.88182067871094,7.954958724975586,7.4,3.0
84.99588418006897,7.954958724975586,8.5,3.0
85.10992050170898,7.954958724975586,6.2,3.0
85.22472023963928,7.954958724975586,3.9,3.0
85.33895325660706,7.954958724975586,3.5,3.0
85.45274758338928,7.954958724975586,3.5,3.0
85.56658124923706,7.954958724975586,3.1,3.0
85.68074536323547,7.954958724975586,4.4,3.0
85.79501366615295,7.954958724975586,2.7,3.0
85.90953207015991,7.954958724975586,2.2,3.0
86.02379488945007,7.954958724975586,1.3,3.0
86.13775062561035,7.954958724975586,2.7,3.0
86.25163054466248,7.954958724975586,3.1,3.0
86.36584186553955,7.954958724975586,2.2,3.0
86.48006653785706,7.954958724975586,2.2,3.0
86.59463095664978,7.954958724975586,3.1,3.0
86.70875382423401,0.4549587249755859,2.6,0.0
86.82203602790833,0.4549587249755859,1.3,0.0
86.9357361793518,0.4549587249755859,1.8,0.0
87.04963254928589,0.4549587249755859,2.2,0.0
87.16378712654114,0.4549587249755859,2.6,0.0
87.27784585952759,0.4549587249755859,1.8,0.0
87.39166760444641,0.4549587249755859,1.8,0.0
87.50579738616943,0.4549587249755859,1.8,0.0
87.61963868141174,15.454958724975587,1.8,0.0
87.73314380645752,7.954958724975586,1.3,3.0
87.84718656539917,7.954958724975586,1.3,3.0
87.96158266067505,7.954958724975586,1.8,3.0
88.07492518424988,7.954958724975586,2.7,3.0
88.18836975097656,7.954958724975586,4.9,3.0
88.3073410987854,7.954958724975586,8.6,3.0
88.42183637619019,7.954958724975586,24.9,3.0
88.53439927101135,22.954958724975587,5.0,3.0
88.65000104904175,7.955004501342773,7.9,3.0
88.76864624023438,7.955004501342773,6.4,3.0
88.88268494606018,7.955004501342773,1.3,3.0
89.00058007240295,7.955004501342773,2.6,3.0
89.11494898796082,7.955004501342773,3.5,3.0
89.22921323776245,7.955004501342773,2.2,3.0
89.3434534072876,7.955004501342773,2.6,3.0
89.45740175247192,7.955004501342773,6.2,3.0
89.57139611244202,22.955004501342774,8.4,3.0
89.6845772266388,7.955004501342773,4.9,3.0
89.79988837242126,7.955004501342773,1.3,3.0
89.91368055343628,7.955004501342773,2.2,3.0
90.02843618392944,7.955004501342773,4.4,3.0
90.14258027076721,7.955004501342773,3.1,3.0
90.25590372085571,7.955004501342773,1.8,3.0
90.36949324607849,7.955004501342773,1.8,3.0
90.48328256607056,7.955004501342773,1.3,3.0
90.59694051742554,22.955004501342774,2.2,3.0
90.71118783950806,2.9550045013427733,4.0,1.0
90.82572054862976,2.9550045013427733,2.2,1.0
90.94000840187073,2.9550045013427733,3.1,1.0
91.05415678024292,2.9550045013427733,2.7,1.0
91.16799974441528,2.9550045013427733,3.1,1.0
91.28167271614075,2.9550045013427733,2.7,1.0
91.39505958557129,2.9550045013427733,4.5,1.0
91.50977563858032,2.9550045013427733,2.6,1.0
91.62399673461914,17.955004501342774,1.8,1.0
91.73786807060242,7.955004501342773,2.7,3.0
91.85190653800964,7.955004501342773,2.2,3.0
91.98304390907288,7.955004501342773,1.9,3.0
92.11520338058472,22.955004501342774,2.3,3.0
92.24177169799805,7.955004501342773,6.0,3.0
92.37036609649658,7.955004501342773,2.7,3.0
92.5013656616211,7.955004501342773,2.3,3.0
92.62812733650208,22.955004501342774,2.0,3.0
92.75607752799988,7.955004501342773,2.0,3.0
92.88305616378784,7.955004501342773,2.0,3.0
93.01209998130798,7.955004501342773,2.4,3.0
93.14389848709106,7.955004501342773,6.9,3.0
93.2752332687378,7.955004501342773,7.0,3.0
93.405428647995,7.955004501342773,8.1,3.0
93.538076877594,7.955004501342773,6.5,3.0
93.6668872833252,7.955004501342773,5.5,3.0
93.80013513565063,7.955004501342773,6.5,3.0
93.93188738822937,7.955004501342773,7.3,3.0
94.0615119934082,7.955004501342773,4.6,3.0
94.19126915931702,7.955004501342773,3.1,3.0
94.32196068763733,7.955004501342773,2.7,3.0
94.45390772819519,7.955004501342773,2.3,3.0
94.58500742912292,7.955004501342773,3.4,3.0
94.71718049049377,0.4550045013427734,6.2,0.0
94.84612655639648,0.4550045013427734,6.7,0.0
94.97818303108215,0.4550045013427734,15.7,0.0
95.109201669693,0.4550045013427734,13.6,0.0
95.23977303504944,0.4550045013427734,3.8,0.0
95.37296390533447,0.4550045013427734,1.5,0.0
95.49989581108093,0.4550045013427734,2.4,0.0
95.62830567359924,15.455004501342774,5.1,0.0
95.75840425491333,7.955004501342773,7.8,3.0
95.88563895225525,7.955004501342773,7.1,3.0
96.01740097999573,7.955050277709961,6.9,3.0
96.147047996521,7.955050277709961,7.1,3.0
96.27922821044922,7.955050277709961,6.5,3.0
96.41131138801575,7.955050277709961,8.1,3.0
96.54127836227417,7.955050277709961,7.4,3.0
96.67416143417358,7.955050277709961,8.0,3.0
96.80275702476501,7.955050277709961,6.6,3.0
96.93277764320374,7.955050277709961,8.1,3.0
97.06451940536499,7.955050277709961,6.6,3.0
97.19559359550476,7.955050277709961,6.6,3.0
97.3281672000885,7.955050277709961,9.9,3.0
97.46075010299683,22.95505027770996,7.7,3.0
97.59317660331726,22.95505027770996,3.4,3.0
97.72074031829834,2.9550502777099608,3.2,1.0
97.84959030151367,2.9550502777099608,2.0,1.0
97.98003196716309,2.9550502777099608,1.9,1.0
98.11190629005432,2.9550502777099608,1.9,1.0
98.23905849456787,17.95505027770996,1.6,1.0
98.37112855911255,2.9550960540771483,1.9,1.0
98.49814891815186,2.9550960540771483,1.6,1.0
98.62655687332153,17.95509605407715,1.6,1.0
98.76030683517456,7.955096054077148,2.3,3.0
98.89159893989563,7.955096054077148,1.9,3.0
99.02475428581238,7.955096054077148,1.9,3.0
99.15457534790039,7.955096054077148,6.6,3.0
99.28480696678162,7.955096054077148,6.6,3.0
99.41548132896423,7.955096054077148,2.4,3.0
99.54381895065308,7.955096054077148,2.3,3.0
99.67682671546936,7.955096054077148,2.3,3.0
99.80374360084534,7.955096054077148,6.8,3.0
99.93198323249817,7.955096054077148,3.9,3.0
100.06067156791687,22.95509605407715,3.5,3.0
100.18801188468933,7.955096054077148,2.8,3.0
100.31514263153076,7.955096054077148,3.2,3.0
100.44302177429199,7.955096054077148,6.7,3.0
100.57094192504883,22.95509605407715,8.3,3.0
100.70643424987793,2.9550960540771483,9.7,1.0
100.83555126190186,2.9550960540771483,6.2,1.0
100.96388983726501,2.9550960540771483,3.1,1.0
101.09254765510559,2.9550960540771483,2.0,1.0
101.222647190094,2.9551418304443358,2.3,1.0
101.35496997833252,2.9551418304443358,1.9,1.0
101.48176336288452,2.9551418304443358,2.0,1.0
101.60957098007202,2.9551418304443358,2.3,1.0
101.74024844169617,5.455141830444336,2.7,2.0
101.87273836135864,5.455141830444336,3.0,2.0
102.00043296813965,5.455141830444336,2.0,2.0
102.12967276573181,5.455141830444336,2.7,2.0
102.26364469528198,5.455141830444336,2.3,2.0
102.39496088027954,5.455141830444336,1.9,2.0
102.52705001831055,5.455141830444336,2.3,2.0
102.65375351905823,5.455141830444336,2.0,2.0
102.78284311294556,7.955141830444336,2.3,3.0
102.91633439064026,7.955141830444336,3.0,3.0
103.04895544052124,7.955141830444336,2.3,3.0
103.18221807479858,7.955141830444336,2.3,3.0
103.30990839004517,7.955141830444336,2.4,3.0
103.44168138504028,7.955141830444336,3.4,3.0
103.57209181785583,7.955141830444336,2.3,3.0
103.7066969871521,2.9551418304443358,2.6,1.0
103.83903789520264,2.9551418304443358,2.3,1.0
103.96603918075562,2.9551418304443358,2.0,1.0
104.09446096420288,2.9551418304443358,2.8,1.0
104.22471165657043,2.9551418304443358,1.9,1.0
104.35644030570984,2.9551418304443358,2.3,1.0
104.4830858707428,2.9551418304443358,3.2,1.0
104.61270380020142,2.9551418304443358,2.3,1.0
104.74067759513855,7.955141830444336,2.4,3.0
104.86840200424194,7.955141830444336,3.2,3.0
104.99678683280945,7.955141830444336,2.4,3.0
105.12728929519653,7.955141830444336,3.5,3.0
105.25981974601746,7.955141830444336,2.3,3.0
105.38915729522705,7.955141830444336,2.3,3.0
105.52059483528137,7.955141830444336,2.3,3.0
105.65303802490234,22.955141830444337,3.0,3.0
105.78169560432434,7.955141830444336,6.3,3.0
105.9155535697937,7.955141830444336,8.7,3.0
106.04295086860657,7.955141830444336,7.5,3.0
106.17323613166809,7.955141830444336,5.8,3.0
106.30394768714905,7.955141830444336,5.0,3.0
106.43509936332703,7.955141830444336,1.9,3.0
106.56432008743286,7.955141830444336,2.7,3.0
106.69495296478271,5.455141830444336,4.2,2.0
106.83098483085632,5.455141830444336,7.1,2.0
106.96043300628662,5.455141830444336,18.0,2.0
107.0881872177124,5.455141830444336,5.9,2.0
107.22146201133728,5.455141830444336,4.9,2.0
107.35023355484009,5.455141830444336,2.3,2.0
107.48630714416504,5.455141830444336,2.9,2.0
107.61952829360962,5.455141830444336,9.6,2.0
107.74372553825378,7.955141830444336,2.8,3.0
107.87708806991577,7.955141830444336,4.2,3.0
108.00890016555786,7.955141830444336,3.4,3.0
108.14121842384338,7.955141830444336,2.3,3.0
108.2739269733429,7.955141830444336,1.9,3.0
108.4012622833252,7.955141830444336,6.3,3.0
108.53078889846802,7.955187606811523,3.1,3.0
108.6645576953888,7.955187606811523,3.0,3.0
108.79997825622559,7.955187606811523,2.2,3.0
108.91903710365295,7.955187606811523,3.8,3.0
109.0358293056488,7.955187606811523,6.5,3.0
109.14984726905823,22.955187606811524,7.6,3.0
109.26391005516052,7.955187606811523,7.1,3.0
109.37872385978699,7.955187606811523,7.1,3.0
109.49140405654907,7.955187606811523,5.4,3.0
109.61002039909363,7.955187606811523,3.4,3.0
109.72455096244812,22.955187606811524,1.8,3.0
109.84212732315063,7.955187606811523,2.1,3.0
109.95603847503662,22.955187606811524,1.8,3.0
110.07442831993103,7.955187606811523,2.1,3.0
110.19395446777344,7.955187606811523,2.1,3.0
110.30778479576111,22.955187606811524,4.0,3.0
110.42618036270142,7.955187606811523,4.7,3.0
110.54447507858276,37.95518760681152,3.9,3.0
110.65768647193909,7.955187606811523,4.0,3.0
110.77306270599365,7.955187606811523,1.8,3.0
110.89243817329407,7.955187606811523,3.8,3.0
111.00789666175842,7.955187606811523,4.0,3.0
111.12668490409851,7.955187606811523,4.2,3.0
111.24663138389587,7.955187606811523,3.0,3.0
111.36112570762634,7.955187606811523,1.8,3.0
111.47938418388367,7.955187606811523,2.1,3.0
111.59810829162598,7.955187606811523,1.7,3.0
111.71288013458252,5.455187606811523,2.6,2.0
111.83292436599731,5.455187606811523,2.1,2.0
111.94830060005188,5.455187606811523,5.7,2.0
112.06820511817932,5.455187606811523,2.9,2.0
112.20370817184448,5.455187606811523,3.0,2.0
112.33433175086975,5.455187606811523,1.9,2.0
112.46671676635742,5.455187606811523,3.8,2.0
112.59940266609192,5.455187606811523,5.3,2.0
112.73026013374329,2.9551876068115233,5.8,1.0
112.86393594741821,2.9551876068115233,2.3,1.0
112.99613499641418,2.9551876068115233,2.3,1.0
113.12922954559326,2.9551876068115233,2.3,1.0
113.25725150108337,17.955187606811524,2.0,1.0
113.38655519485474,2.9551876068115233,2.3,1.0
113.51768445968628,2.9551876068115233,1.9,1.0
113.65070366859436,2.9551876068115233,2.3,1.0
113.78375291824341,7.955187606811523,3.0,3.0
113.91182613372803,7.955187606811523,2.7,3.0
114.04223704338074,7.955187606811523,2.7,3.0
114.17403960227966,7.955187606811523,2.7,3.0
114.30669975280762,7.955187606811523,1.9,3.0
114.43970203399658,7.955187606811523,2.3,3.0
114.56683588027954,7.955187606811523,2.0,3.0
114.70103073120117,2.9551876068115233,1.9,1.0
114.83144474029541,2.9551876068115233,2.3,1.0
114.96371293067932,2.9551876068115233,1.9,1.0
115.09640383720398,2.9551876068115233,2.3,1.0
115.22436761856079,2.9551876068115233,1.6,1.0
115.35351490974426,2.9551876068115233,2.3,1.0
115.48449754714966,2.9551876068115233,1.9,1.0
115.61696696281433,2.9551876068115233,1.9,1.0
115.75068354606628,7.955187606811523,2.6,3.0
115.87888741493225,7.955187606811523,2.7,3.0
116.00885915756226,7.955187606811523,1.9,3.0
116.14006209373474,7.955187606811523,2.3,3.0
116.27245855331421,7.955187606811523,2.3,3.0
116.4058530330658,7.955187606811523,3.0,3.0
116.53943610191345,7.955187606811523,3.0,3.0
116.67454075813293,7.955187606811523,1.9,3.0
116.80745339393616,7.955187606811523,2.3,3.0
116.93730545043945,7.955187606811523,2.7,3.0
117.06845784187317,7.955233383178711,1.5,3.0
117.20136189460754,7.955233383178711,2.3,3.0
117.33437895774841,7.955233383178711,2.3,3.0
117.46185207366943,7.955233383178711,2.0,3.0
117.59134459495544,7.955233383178711,2.7,3.0
117.72315406799316,2.9552333831787108,2.3,1.0
117.85617184638977,2.9552333831787108,2.3,1.0
117.98985552787781,2.9552333831787108,1.9,1.0
118.11718511581421,2.9552333831787108,2.4,1.0
118.24678921699524,2.9552333831787108,1.9,1.0
118.37815451622009,2.9552333831787108,2.3,1.0
118.51121473312378,2.9552333831787108,2.3,1.0
118.6444296836853,2.9552333831787108,1.9,1.0
118.77226567268372,7.955233383178711,2.4,3.0
118.90224742889404,7.955233383178711,2.3,3.0
119.03397989273071,7.955233383178711,1.9,3.0
119.16695308685303,7.955233383178711,2.7,3.0
119.30061912536621,7.955233383178711,2.3,3.0
119.42833971977234,7.955233383178711,2.0,3.0
119.55793976783752,7.955233383178711,1.6,3.0
119.6896767616272,5.455233383178711,2.3,2.0
119.82105016708374,5.455233383178711,2.3,2.0
119.95016288757324,5.455233383178711,2.0,2.0
120.07801485061646,5.455233383178711,2.0,2.0
120.20523118972778,5.455233383178711,2.4,2.0
120.3336911201477,5.455233383178711,2.3,2.0
120.46177768707275,5.455233383178711,2.0,2.0
120.59322452545166,35.45523338317871,2.3,2.0
120.72093892097473,2.9552333831787108,2.0,1.0
120.8494520187378,2.9552333831787108,2.0,1.0
120.97796511650085,2.9552333831787108,2.0,1.0
121.10587906837463,17.95523338317871,2.4,1.0
121.23375082015991,2.9552333831787108,2.0,1.0
121.36198258399963,2.9552333831787108,1.6,1.0
121.49021816253662,2.9552333831787108,2.7,1.0
121.61795973777771,17.95523338317871,1.6,1.0
121.74534201622009,7.955233383178711,2.4,3.0
121.87293148040771,7.955233383178711,2.0,3.0
122.00084948539734,7.955233383178711,2.0,3.0
122.12796211242676,7.955233383178711,2.0,3.0
122.25575971603394,7.955233383178711,2.0,3.0
122.38432550430298,7.955233383178711,2.0,3.0
122.51180624961853,7.955233383178711,2.0,3.0
122.63983130455017,7.955233383178711,2.0,3.0
122.76811337471008,7.955233383178711,1.6,3.0
122.89562654495239,7.955233383178711,2.4,3.0
123.0266900062561,7.955233383178711,2.3,3.0
123.15430116653442,7.955233383178711,1.6,3.0
123.28160738945007,7.955233383178711,2.0,3.0
123.40875625610352,7.955233383178711,2.0,3.0
123.5361065864563,7.955233383178711,2.0,3.0
123.66460132598877,7.955233383178711,2.4,3.0
123.79302382469177,7.955233383178711,2.3,3.0
123.92097306251526,7.955233383178711,1.6,3.0
124.05139017105103,7.955613327026367,2.3,3.0
124.17917728424072,7.955613327026367,2.0,3.0
124.30777502059937,7.955613327026367,2.3,3.0
124.43646049499512,7.955613327026367,1.6,3.0
124.56493949890137,7.955613327026367,2.3,3.0
124.69299459457397,5.455613327026367,2.7,2.0
124.82584023475647,5.455613327026367,3.0,2.0
124.96259427070618,5.455613327026367,3.3,2.0
125.09689497947693,5.455613327026367,3.0,2.0
125.22905826568604,5.455613327026367,2.7,2.0
125.36215543746948,5.455613327026367,1.9,2.0
125.49337267875671,5.455613327026367,3.8,2.0
125.62807011604309,5.455613327026367,5.2,2.0
125.75942468643188,7.955613327026367,2.7,3.0
125.89406824111938,7.955613327026367,2.6,3.0
126.02872109413147,7.955613327026367,3.0,3.0
126.16483473777771,7.955613327026367,2.2,3.0
126.2980604171753,7.955613327026367,2.6,3.0
126.42594623565674,7.955613327026367,2.4,3.0
126.55536365509033,7.955613327026367,4.7,3.0
126.68838310241699,5.455613327026367,2.3,2.0
126.82334637641907,5.455613327026367,10.4,2.0
126.95664072036743,5.455613327026367,3.0,2.0
127.09011745452881,5.455613327026367,2.3,2.0
127.22347712516785,5.455613327026367,2.6,2.0
127.35553002357483,5.455613327026367,6.5,2.0
127.48467206954956,5.455613327026367,1.6,2.0
127.62010598182678,5.455613327026367,2.2,2.0
127.75350594520569,7.955613327026367,2.7,3.0
127.88506865501404,7.955613327026367,2.7,3.0
128.01396131515503,7.955613327026367,1.6,3.0
128.12956929206848,7.955613327026367,1.7,3.0
128.24491381645203,7.955613327026367,2.2,3.0
128.36478805541992,7.955613327026367,1.7,3.0
128.48036694526672,7.955613327026367,1.7,3.0
128.59569239616394,22.955613327026366,1.7,3.0
128.71096396446228,7.955613327026367,2.2,3.0
128.82596683502197,7.955613327026367,0.9,3.0
128.9412124156952,7.955613327026367,2.2,3.0
129.05673170089722,22.955613327026366,1.7,3.0
129.17139267921448,7.955613327026367,1.8,3.0
129.28663444519043,7.955613327026367,1.3,3.0
129.40142130851746,7.955613327026367,1.8,3.0
129.5160105228424,7.955613327026367,2.2,3.0
129.63154315948486,7.955613327026367,1.7,3.0
129.74683499336243,7.955613327026367,1.7,3.0
129.86145949363708,7.955613327026367,1.8,3.0
129.9761986732483,7.955613327026367,1.3,3.0
130.09150195121765,7.955613327026367,1.7,3.0
130.2067527770996,7.955613327026367,2.2,3.0
130.32304549217224,7.955613327026367,3.0,3.0
130.43999004364014,7.955613327026367,4.3,3.0
130.55970311164856,37.95561332702637,3.3,3.0
130.67523837089539,7.955613327026367,2.2,3.0
130.79060220718384,7.955613327026367,2.2,3.0
130.9058654308319,7.955613327026367,3.1,3.0
131.02167630195618,7.955613327026367,5.3,3.0
131.13876509666443,7.955613327026367,6.0,3.0
131.25464916229248,7.955613327026367,4.4,3.0
131.36991620063782,7.955613327026367,7.4,3.0
131.48856925964355,7.955613327026367,2.5,3.0
131.60384273529053,7.955613327026367,33.9,3.0
131.73143815994263,7.955613327026367,8.4,3.0
131.8577597141266,7.955613327026367,2.4,3.0
131.9904477596283,7.955613327026367,1.5,3.0
132.11838626861572,7.955613327026367,2.3,3.0
132.2469983100891,7.955613327026367,2.3,3.0
132.37584805488586,7.955613327026367,2.0,3.0
132.5037384033203,7.955613327026367,1.6,3.0
132.63206315040588,7.955613327026367,2.0,3.0
132.76007509231567,7.955613327026367,2.7,3.0
132.88742232322693,7.955613327026367,2.0,3.0
133.01552867889404,7.955613327026367,2.0,3.0
133.1439986228943,7.955613327026367,2.3,3.0
133.27232336997986,7.955613327026367,2.0,3.0
133.400306224823,7.955613327026367,2.3,3.0
133.52824544906616,7.955613327026367,2.4,3.0
133.65608835220337,7.955613327026367,2.0,3.0
133.7840850353241,7.955613327026367,2.0,3.0
133.9120786190033,7.955613327026367,2.3,3.0
134.04034328460693,7.955613327026367,2.0,3.0
134.16890931129456,7.955613327026367,2.0,3.0
134.2970199584961,7.955613327026367,2.3,3.0
134.42464804649353,7.955613327026367,2.0,3.0
134.55271697044373,7.955613327026367,2.7,3.0
134.68123841285706,7.955613327026367,2.0,3.0
134.8097062110901,7.955613327026367,2.3,3.0
134.93800687789917,7.955613327026367,2.0,3.0
135.06619095802307,7.955613327026367,2.0,3.0
135.1946897506714,7.955613327026367,2.3,3.0
135.32232642173767,7.955613327026367,2.4,3.0
135.45028948783875,7.955613327026367,2.0,3.0
135.57858896255493,7.955613327026367,2.0,3.0
135.7073519229889,7.955613327026367,2.3,3.0
135.83573937416077,7.955613327026367,2.3,3.0
135.96408009529114,7.955613327026367,2.0,3.0
136.09227848052979,7.955613327026367,2.0,3.0
136.22582125663757,7.955613327026367,2.6,3.0
136.35386538505554,7.955613327026367,2.7,3.0
136.48192691802979,7.955613327026367,1.6,3.0
136.60998630523682,7.955613327026367,2.0,3.0
136.73757314682007,7.955613327026367,2.0,3.0
136.86556124687195,7.955613327026367,1.6,3.0
136.99402904510498,7.955613327026367,3.9,3.0
137.125962972641,7.955613327026367,1.9,3.0
137.2537670135498,7.955613327026367,2.0,3.0
137.38246655464172,7.955613327026367,2.0,3.0
137.51047086715698,7.955613327026367,2.3,3.0
137.63873267173767,7.955613327026367,2.0,3.0
137.76709723472595,7.955613327026367,2.0,3.0
137.89525485038757,7.955613327026367,2.0,3.0
138.0239315032959,7.955613327026367,1.6,3.0
138.1524691581726,7.955613327026367,2.7,3.0
138.28381299972534,7.955613327026367,2.3,3.0
138.41165328025818,7.955613327026367,1.6,3.0
138.52788090705872,7.955613327026367,1.7,3.0
138.64303874969482,22.955613327026366,2.6,3.0
138.75804567337036,7.955613327026367,1.7,3.0
138.87352180480957,7.955613327026367,2.2,3.0
138.98913478851318,7.955613327026367,1.3,3.0
139.10410332679749,7.955613327026367,1.7,3.0
139.21935415267944,7.955613327026367,1.7,3.0
139.3351011276245,7.955613327026367,2.2,3.0
139.45084762573242,7.955613327026367,1.7,3.0
139.5658860206604,7.955613327026367,2.2,3.0
139.68115425109863,0.45561332702636714,1.7,0.0
139.79609942436218,0.45561332702636714,2.2,0.0
139.9118525981903,0.45561332702636714,1.7,0.0
140.02718448638916,0.45561332702636714,2.2,0.0
140.14291071891785,0.45561332702636714,1.7,0.0
140.25838041305542,0.45561332702636714,2.2,0.0
140.37379503250122,0.45561332702636714,2.6,0.0
140.48919868469238,0.45561332702636714,1.3,0.0
140.60507082939148,30.455613327026366,2.6,0.0
140.72034883499146,7.955613327026367,1.7,3.0
140.83566284179688,7.955613327026367,1.3,3.0
140.95140051841736,7.955613327026367,2.6,3.0
141.0664143562317,7.955613327026367,1.7,3.0
141.1823308467865,7.955613327026367,1.7,3.0
141.297217130661,7.955613327026367,1.3,3.0
141.4127480983734,7.955613327026367,1.7,3.0
141.52816557884216,7.955613327026367,1.7,3.0
141.6434199810028,7.955613327026367,1.7,3.0
141.7583520412445,7.955613327026367,1.8,3.0
141.87336587905884,7.955613327026367,2.2,3.0
141.98833417892456,7.955613327026367,2.6,3.0
142.10376858711243,7.955613327026367,1.7,3.0
142.21984148025513,7.955613327026367,2.2,3.0
142.3353624343872,7.955613327026367,2.6,3.0
142.45119953155518,7.955613327026367,1.7,3.0
142.56676125526428,7.955613327026367,1.7,3.0
142.68234944343567,2.9556133270263674,2.2,1.0
142.79772305488586,2.9556133270263674,2.2,1.0
142.91341280937195,2.9556133270263674,1.7,1.0
143.0292353630066,2.9556133270263674,2.2,1.0
143.14416217803955,2.9556133270263674,1.7,1.0
143.25913739204407,2.9556133270263674,1.7,1.0
143.37435603141785,2.9556133270263674,2.2,1.0
143.48955750465393,2.9556133270263674,1.7,1.0
143.60517072677612,2.9556133270263674,1.7,1.0
143.7210340499878,7.955613327026367,1.7,3.0
143.83627891540527,7.955613327026367,2.2,3.0
143.95129013061523,7.955613327026367,2.2,3.0
144.0670292377472,7.955613327026367,2.2,3.0
144.18510055541992,7.955613327026367,1.7,3.0
144.31304001808167,7.955613327026367,2.7,3.0
144.44105911254883,7.955613327026367,2.4,3.0
144.56911730766296,22.955613327026366,2.4,3.0
144.69712471961975,5.455613327026367,2.0,2.0
144.82517743110657,5.455613327026367,2.0,2.0
144.9536430835724,5.455613327026367,2.7,2.0
145.08259272575378,5.455613327026367,2.3,2.0
145.21094417572021,5.455613327026367,1.6,2.0
145.33849954605103,5.455613327026367,2.4,2.0
145.46706914901733,5.455613327026367,2.3,2.0
145.59931540489197,5.455613327026367,2.3,2.0
145.73626375198364,7.955613327026367,2.2,3.0
145.8702108860016,7.955613327026367,2.2,3.0
145.99816513061523,7.955613327026367,2.4,3.0
146.1275978088379,7.955613327026367,1.9,3.0
146.25931572914124,7.955613327026367,2.3,3.0
146.39186072349548,7.955613327026367,2.3,3.0
146.52562427520752,7.955613327026367,3.0,3.0
146.65376210212708,7.955613327026367,2.3,3.0
146.78329253196716,5.455613327026367,1.6,2.0
146.91467118263245,5.455613327026367,2.7,2.0
147.04752707481384,20.455613327026366,2.3,2.0
147.1809856891632,5.455613327026367,2.3,2.0
147.30849647521973,5.455613327026367,2.0,2.0
147.43783354759216,5.455613327026367,2.3,2.0
147.56945633888245,5.455613327026367,1.9,2.0
147.70237565040588,7.955613327026367,1.9,3.0
147.83577728271484,7.955613327026367,2.2,3.0
147.9633436203003,7.955613327026367,2.4,3.0
148.09319639205933,7.955613327026367,1.6,3.0
148.22461915016174,7.955613327026367,2.3,3.0
148.3575119972229,7.955613327026367,2.3,3.0
148.48967099189758,22.955613327026366,2.3,3.0
148.6179838180542,7.955613327026367,2.3,3.0
148.7477035522461,7.955613327026367,1.9,3.0
148.87962198257446,7.955613327026367,2.3,3.0
149.0126190185547,7.955613327026367,1.9,3.0
149.14637851715088,7.955613327026367,2.3,3.0
149.2739999294281,7.955613327026367,2.0,3.0
149.40366506576538,7.955613327026367,2.3,3.0
149.535653591156,7.955613327026367,1.9,3.0
149.6689567565918,7.955613327026367,3.0,3.0
149.80254983901978,0.45561332702636714,2.2,0.0
149.93057703971863,0.45561332702636714,2.0,0.0
150.05997514724731,0.45561332702636714,1.9,0.0
150.19066524505615,0.45561332702636714,2.7,0.0
150.32371020317078,0.45561332702636714,1.9,0.0
150.45738983154297,0.45561332702636714,2.6,0.0
150.58517289161682,30.305613327026364,2.4,0.0
150.7160129547119,7.955613327026367,1.9,3.0
150.84462070465088,7.955613327026367,2.3,3.0
150.97396206855774,7.955613327026367,2.3,3.0
151.1019265651703,22.955613327026366,2.0,3.0
151.23113203048706,7.955613327026367,1.9,3.0
151.35889315605164,7.955613327026367,2.4,3.0
151.4873812198639,7.955613327026367,2.7,3.0
151.61604404449463,7.955613327026367,2.0,3.0
151.74418473243713,7.955613327026367,2.0,3.0
151.8722813129425,7.955613327026367,2.0,3.0
152.0005326271057,7.955613327026367,9.8,3.0
152.1261203289032,7.955613327026367,2.4,3.0
152.25462102890015,7.955613327026367,1.6,3.0
152.38231897354126,7.955613327026367,2.7,3.0
152.51374912261963,7.955613327026367,1.9,3.0
152.64153575897217,22.955613327026366,2.0,3.0
152.76931524276733,7.955613327026367,2.0,3.0
152.8973252773285,7.955613327026367,3.1,3.0
153.02504515647888,7.955613327026367,2.3,3.0
153.15404295921326,7.955613327026367,2.3,3.0
153.28178095817566,7.955613327026367,2.0,3.0
153.40989518165588,7.955659103393555,2.4,3.0
153.53753018379211,7.955659103393555,2.7,3.0
153.66554951667786,7.955659103393555,2.4,3.0
153.79371738433838,2.955659103393555,2.0,1.0
153.92165875434875,2.955659103393555,2.7,1.0
154.04934906959534,2.955659103393555,2.3,1.0
154.17768669128418,2.955659103393555,2.0,1.0
154.30609226226807,2.955659103393555,2.0,1.0
154.43440413475037,2.955659103393555,2.4,1.0
154.56221652030945,2.955659103393555,2.4,1.0
154.6903145313263,5.455659103393555,2.0,2.0
154.81830954551697,5.455659103393555,2.3,2.0
154.94656419754028,5.455659103393555,2.4,2.0
155.07500958442688,5.455659103393555,2.7,2.0
155.20315170288086,5.455659103393555,2.3,2.0
155.33171343803406,5.455659103393555,2.4,2.0
155.4598047733307,5.455659103393555,2.0,2.0
155.5876066684723,5.455659103393555,4.7,2.0
155.71251559257507,7.955659103393555,7.2,3.0
155.8377878665924,7.955659103393555,6.8,3.0
155.96279501914978,7.955659103393555,6.0,3.0
156.08807563781738,7.955659103393555,6.8,3.0
156.21309113502502,7.955659103393555,4.8,3.0
156.34109354019165,7.955659103393555,2.3,3.0
156.4695816040039,7.955659103393555,2.0,3.0
156.59843158721924,7.955659103393555,2.0,3.0
156.7274191379547,7.955659103393555,4.3,3.0
156.86163687705994,7.955659103393555,2.2,3.0
156.98921728134155,7.955659103393555,3.1,3.0
157.1189935207367,7.955659103393555,1.5,3.0
157.25110483169556,7.955659103393555,2.3,3.0
157.38341808319092,7.955659103393555,4.6,3.0
157.5117847919464,7.955659103393555,4.3,3.0
157.64413499832153,22.955659103393554,2.7,3.0
157.77694702148438,5.455659103393555,1.9,2.0
157.90513563156128,5.455659103393555,2.3,2.0
158.03470706939697,5.455659103393555,1.9,2.0
158.1659791469574,5.455659103393555,1.9,2.0
158.2986443042755,5.455659103393555,2.3,2.0
158.43148350715637,5.455659103393555,1.5,2.0
158.5590054988861,5.455659103393555,2.4,2.0
158.68861436843872,5.455659103393555,2.3,2.0
158.81974625587463,5.455659103393555,1.9,2.0
158.95233035087585,5.455659103393555,9.6,2.0
159.08472084999084,5.455659103393555,3.0,2.0
159.212739944458,5.455659103393555,1.6,2.0
159.3428180217743,5.455659103393555,2.3,2.0
159.47460794448853,5.455659103393555,1.9,2.0
159.60733366012573,5.455659103393555,1.9,2.0
159.7400779724121,22.955659103393554,2.3,3.0
159.86894536018372,7.955659103393555,2.3,3.0
159.99742579460144,7.955659103393555,2.0,3.0
160.12599086761475,7.955659103393555,2.3,3.0
160.25456070899963,7.955659103393555,2.4,3.0
160.37968063354492,7.955659103393555,7.2,3.0
160.50479245185852,7.955659103393555,6.4,3.0
160.63436937332153,7.955704879760742,2.7,3.0
160.76282572746277,7.955704879760742,2.3,3.0
160.8906705379486,22.95570487976074,2.0,3.0
161.0202980041504,7.955704879760742,4.3,3.0
161.14875388145447,7.955704879760742,2.3,3.0
161.27711701393127,7.955704879760742,2.4,3.0
161.40478563308716,7.955704879760742,2.0,3.0
161.5332646369934,7.955704879760742,2.0,3.0
161.66164135932922,7.955704879760742,2.3,3.0
161.78991270065308,2.9557048797607424,2.0,1.0
161.91766357421875,2.9557048797607424,2.4,1.0
162.0454967021942,2.9557048797607424,2.4,1.0
162.17382097244263,2.9557048797607424,2.4,1.0
162.30195569992065,17.95570487976074,1.6,1.0
162.4303629398346,2.9557048797607424,1.9,1.0
162.55903959274292,2.9557048797607424,2.0,1.0
162.68729400634766,5.455704879760742,1.6,2.0
162.81546878814697,5.455704879760742,2.0,2.0
162.94373154640198,5.45575065612793,1.6,2.0
163.07261562347412,5.45575065612793,1.9,2.0
163.20101404190063,5.45575065612793,1.6,2.0
163.32919359207153,5.45575065612793,2.0,2.0
163.45718836784363,5.45575065612793,1.6,2.0
163.58573865890503,20.45575065612793,1.6,2.0
163.71466279029846,7.95575065612793,1.9,3.0
163.84326457977295,22.95575065612793,2.0,3.0
163.97098755836487,7.95575065612793,2.0,3.0
164.09920477867126,7.95575065612793,1.6,3.0
164.22792601585388,7.95575065612793,1.9,3.0
164.35619401931763,7.95575065612793,1.6,3.0
164.4846546649933,7.95575065612793,2.3,3.0
164.61316847801208,7.95575065612793,2.0,3.0
164.74742102622986,7.95575065612793,1.9,3.0
164.88010907173157,7.95575065612793,2.3,3.0
165.0134472846985,7.95575065612793,2.3,3.0
165.1416802406311,7.95575065612793,2.0,3.0
165.27098727226257,7.95575065612793,1.9,3.0
165.40195417404175,7.95575065612793,2.3,3.0
165.534654378891,7.95575065612793,1.9,3.0
165.6680018901825,7.95575065612793,1.5,3.0
165.79581332206726,0.45575065612792964,2.0,0.0
165.92558217048645,0.45575065612792964,1.6,0.0
166.05732035636902,0.45575065612792964,3.4,0.0
166.1920907497406,0.45575065612792964,3.7,0.0
166.32485508918762,0.45575065612792964,2.3,0.0
166.45325350761414,0.45575065612792964,1.6,0.0
166.58206033706665,0.45575065612792964,1.9,0.0
166.7133514881134,22.95575065612793,2.3,3.0
166.84624671936035,7.95575065612793,1.5,3.0
166.97941040992737,7.95575065612793,7.6,3.0
167.10837817192078,7.95575065612793,2.3,3.0
167.24148106575012,7.95575065612793,2.3,3.0
167.3713092803955,7.95575065612793,2.3,3.0
167.50316262245178,7.95575065612793,2.7,3.0
167.63602113723755,7.95575065612793,2.6,3.0
167.77024149894714,22.95575065612793,2.2,3.0
167.89831924438477,7.95575065612793,2.8,3.0
168.0235559940338,22.95575065612793,3.6,3.0
168.15632510185242,7.95575065612793,2.3,3.0
168.28913807868958,7.95575065612793,2.3,3.0
168.41699409484863,7.95575065612793,2.8,3.0
168.54646015167236,7.95575065612793,1.9,3.0
168.6776249408722,22.95575065612793,2.7,3.0
168.80967259407043,2.95575065612793,2.3,1.0
168.93694639205933,2.95575065612793,2.0,1.0
169.06577372550964,2.95575065612793,2.3,1.0
169.1972095966339,2.95575065612793,2.7,1.0
169.32874155044556,2.95575065612793,2.3,1.0
169.45701670646667,2.95575065612793,2.0,1.0
169.585755109787,2.95575065612793,2.3,1.0
169.71705722808838,7.95575065612793,2.7,3.0
169.8496596813202,7.95575065612793,2.3,3.0
169.98309302330017,7.95575065612793,2.3,3.0
170.11112427711487,7.95575065612793,2.4,3.0
170.24507355690002,7.95575065612793,2.3,3.0
170.37515020370483,7.95575065612793,2.7,3.0
170.50706434249878,7.95575065612793,2.3,3.0
170.6442005634308,7.95575065612793,3.3,3.0
170.77729177474976,5.45575065612793,3.0,2.0
170.9109923839569,5.45575065612793,2.3,2.0
171.03876423835754,20.45575065612793,2.4,2.0
171.1684889793396,20.455796432495116,1.9,2.0
171.29984164237976,5.455796432495117,2.3,2.0
171.43269443511963,5.455796432495117,2.3,2.0
171.56577157974243,5.455796432495117,2.6,2.0
171.69333481788635,22.955796432495116,2.0,3.0
171.8232069015503,7.955796432495117,2.3,3.0
171.9550769329071,7.955796432495117,3.0,3.0
172.0869483947754,7.955796432495117,2.3,3.0
172.21497201919556,7.955796432495117,2.0,3.0
172.34424948692322,7.955796432495117,2.3,3.0
172.4758517742157,7.955796432495117,2.7,3.0
172.60806131362915,7.955796432495117,2.3,3.0
172.7415895462036,7.955796432495117,2.2,3.0
172.86974143981934,7.955796432495117,2.3,3.0
172.99915480613708,7.955796432495117,2.3,3.0
173.13039016723633,7.955796432495117,1.9,3.0
173.26296019554138,7.955796432495117,2.3,3.0
173.396253824234,7.955796432495117,1.9,3.0
173.5242874622345,22.955796432495116,2.3,3.0
173.65372371673584,22.955796432495116,1.9,3.0
173.78531217575073,2.9557964324951174,2.3,1.0
173.91796827316284,2.9557964324951174,2.3,1.0
174.05111837387085,2.9557964324951174,1.9,1.0
174.17881178855896,2.9557964324951174,2.7,1.0
174.308345079422,2.9557964324951174,1.9,1.0
174.439959526062,2.9557964324951174,1.9,1.0
174.573073387146,2.9557964324951174,2.3,1.0
174.70674061775208,22.955796432495116,2.3,3.0
174.8345308303833,7.955796432495117,2.7,3.0
174.9642608165741,7.955796432495117,1.9,3.0
175.09579610824585,7.955796432495117,1.9,3.0
175.22851753234863,7.955796432495117,2.6,3.0
175.36175394058228,7.955796432495117,2.3,3.0
175.48909974098206,7.955796432495117,2.0,3.0
175.6187138557434,7.955796432495117,2.3,3.0
175.75112915039062,7.955796432495117,1.9,3.0
175.88021039962769,7.955796432495117,2.3,3.0
176.0086739063263,7.955796432495117,2.3,3.0
176.1369411945343,7.955796432495117,2.0,3.0
176.26536178588867,7.955796432495117,2.3,3.0
176.39398097991943,7.955796432495117,2.3,3.0
176.52245378494263,7.955796432495117,2.7,3.0
176.6505081653595,22.955796432495116,2.0,3.0
176.77898621559143,5.455796432495117,2.3,2.0
176.90737175941467,5.455796432495117,2.3,2.0
177.03600072860718,5.455796432495117,2.0,2.0
177.1648805141449,20.455796432495116,2.7,2.0
177.2945477962494,5.455796432495117,1.6,2.0
177.42265725135803,5.455796432495117,2.3,2.0
177.5510606765747,5.455796432495117,1.6,2.0
177.67966675758362,5.455796432495117,2.3,2.0
177.81284546852112,2.9557964324951174,1.9,1.0
177.94159817695618,2.9557964324951174,2.3,1.0
178.0698893070221,2.9557964324951174,2.0,1.0
178.19820976257324,2.9557964324951174,2.3,1.0
178.33062887191772,2.9557964324951174,1.5,1.0
178.45939874649048,2.9557964324951174,2.3,1.0
178.5879180431366,2.9557964324951174,1.9,1.0
178.71609497070312,7.955796432495117,2.0,3.0
178.8449022769928,7.955796432495117,2.3,3.0
178.9734959602356,7.955796432495117,2.0,3.0
179.1018853187561,7.955796432495117,1.9,3.0
179.23008728027344,7.955796432495117,2.0,3.0
179.35799312591553,7.955796432495117,2.3,3.0
179.48617267608643,7.955842208862305,2.0,3.0
179.61437058448792,7.955842208862305,2.3,3.0
179.74324321746826,7.955842208862305,2.0,3.0
179.8711621761322,7.955842208862305,2.0,3.0
179.99966311454773,7.955842208862305,2.3,3.0
180.12853360176086,7.955842208862305,2.3,3.0
180.25728130340576,7.955842208862305,2.3,3.0
180.3856384754181,7.955842208862305,1.6,3.0
180.51361846923828,7.955842208862305,2.7,3.0
180.65149235725403,7.955842208862305,2.6,3.0
180.78346753120422,2.955842208862305,2.6,1.0
180.91042566299438,2.955842208862305,2.0,1.0
181.03719329833984,2.955842208862305,2.0,1.0
181.1669306755066,2.955842208862305,1.9,1.0
181.29331469535828,2.955842208862305,2.0,1.0
181.41989278793335,2.955842208862305,2.0,1.0
181.54644083976746,2.955842208862305,1.6,1.0
181.67364478111267,2.955842208862305,2.4,1.0
181.80078029632568,2.955842208862305,2.0,1.0
181.92778944969177,2.955842208862305,2.4,1.0
182.05505466461182,2.9558879852294924,2.4,1.0
182.18240880966187,2.9558879852294924,2.0,1.0
182.30911421775818,2.9558879852294924,2.0,1.0
182.43589997291565,2.9558879852294924,2.4,1.0
182.5630669593811,2.9558879852294924,2.0,1.0
182.68972778320312,22.95588798522949,2.0,3.0
182.81670713424683,22.95588798522949,2.0,3.0
182.9435544013977,7.955887985229492,2.0,3.0
183.07043528556824,7.955887985229492,2.0,3.0
183.19754457473755,7.955887985229492,2.0,3.0
183.32411909103394,7.955887985229492,2.0,3.0
183.45166039466858,7.955887985229492,2.0,3.0
183.5787525177002,7.955887985229492,2.0,3.0
183.70553469657898,7.955887985229492,2.0,3.0
183.83239912986755,7.955887985229492,2.0,3.0
183.96333932876587,7.955887985229492,2.3,3.0
184.0907073020935,7.955887985229492,1.6,3.0
184.21784567832947,7.955887985229492,2.4,3.0
184.34548783302307,7.955887985229492,2.0,3.0
184.47278714179993,7.955887985229492,2.4,3.0
184.59976053237915,22.95588798522949,2.0,3.0
184.72675919532776,7.955887985229492,2.4,3.0
184.85392928123474,7.955887985229492,1.6,3.0
184.98085236549377,7.955887985229492,2.4,3.0
185.1078794002533,7.955887985229492,2.0,3.0
185.23499131202698,7.955887985229492,2.0,3.0
185.36200380325317,7.955887985229492,1.6,3.0
185.488707780838,7.955887985229492,2.4,3.0
185.6165065765381,7.955887985229492,9.4,3.0
185.74430751800537,7.955887985229492,2.3,3.0
185.87122869491577,7.955887985229492,2.0,3.0
185.99849367141724,7.955887985229492,2.0,3.0
186.12631154060364,7.955887985229492,2.4,3.0
186.25408267974854,7.955887985229492,2.4,3.0
186.38083505630493,7.955887985229492,2.0,3.0
186.5081684589386,7.955887985229492,1.2,3.0
186.6345157623291,7.955887985229492,2.4,3.0
186.76174020767212,7.955887985229492,1.6,3.0
186.8885567188263,7.955887985229492,2.4,3.0
187.01612091064453,7.955887985229492,2.0,3.0
187.14335322380066,7.955887985229492,2.0,3.0
187.2701075077057,7.955887985229492,2.0,3.0
187.3968095779419,22.95588798522949,2.0,3.0
187.52314114570618,7.955887985229492,6.7,3.0
187.64653086662292,22.95588798522949,2.0,3.0
187.77335047721863,5.455887985229492,2.4,2.0
187.90035152435303,5.455887985229492,2.8,2.0
188.02713418006897,5.455887985229492,2.4,2.0
188.1544542312622,20.45588798522949,2.4,2.0
188.28132367134094,5.455887985229492,2.4,2.0
188.40806126594543,5.455887985229492,2.0,2.0
188.53505444526672,5.455887985229492,3.1,2.0
188.66187500953674,20.45593376159668,2.0,2.0
188.7884817123413,0.45593376159667964,2.0,0.0
188.9151017665863,0.45593376159667964,2.0,0.0
189.04244112968445,0.45593376159667964,1.6,0.0
189.1688461303711,0.45593376159667964,2.8,0.0
189.29546809196472,0.45593376159667964,2.0,0.0
189.42225694656372,0.45593376159667964,2.0,0.0
189.54933214187622,0.45593376159667964,2.0,0.0
189.6760392189026,0.45593376159667964,2.0,0.0
189.802743434906,17.95593376159668,2.4,1.0
189.9299042224884,17.95593376159668,2.0,1.0
190.0563280582428,2.95593376159668,1.6,1.0
190.18386673927307,2.95593376159668,2.4,1.0
190.31024932861328,2.95593376159668,2.0,1.0
190.43726706504822,2.95593376159668,2.0,1.0
190.56414651870728,32.80593376159668,2.4,1.0
190.6906476020813,7.95593376159668,2.0,3.0
190.81756591796875,7.95593376159668,1.6,3.0
190.9448173046112,7.95593376159668,2.0,3.0
191.07303977012634,7.95593376159668,2.7,3.0
191.199720621109,7.95593376159668,2.0,3.0
191.3269064426422,7.95593376159668,1.6,3.0
191.45382475852966,7.95593376159668,2.4,3.0
191.5808448791504,7.95593376159668,2.0,3.0
191.70782017707825,7.95593376159668,2.4,3.0
191.83521175384521,7.95593376159668,2.0,3.0
191.96200275421143,7.95593376159668,1.6,3.0
192.08933568000793,7.95593376159668,2.4,3.0
192.21663618087769,7.95593376159668,2.4,3.0
192.34333443641663,7.95593376159668,2.0,3.0
192.47012400627136,7.95593376159668,2.0,3.0
192.59711933135986,7.95593376159668,2.4,3.0
192.72742223739624,22.95593376159668,1.9,3.0
192.85436820983887,7.95593376159668,1.6,3.0
192.98142385482788,7.95593376159668,2.4,3.0
193.1082935333252,7.95593376159668,2.0,3.0
193.23509407043457,7.95593376159668,1.6,3.0
193.36174869537354,7.95593376159668,2.0,3.0
193.48881840705872,7.95593376159668,2.4,3.0
193.61569547653198,7.95593376159668,2.0,3.0
193.74243760108948,7.95593376159668,1.6,3.0
193.87417650222778,7.95593376159668,2.3,3.0
194.00136613845825,7.95593376159668,2.4,3.0
194.1286346912384,7.95593376159668,2.0,3.0
194.25592803955078,7.95593376159668,1.6,3.0
194.3833725452423,7.95593376159668,2.4,3.0
194.50987243652344,7.95593376159668,1.6,3.0
194.6366264820099,7.95593376159668,2.4,3.0
194.77157425880432,5.45593376159668,2.2,2.0
194.89888215065002,5.45593376159668,2.0,2.0
195.02721428871155,5.45593376159668,1.9,2.0
195.1574776172638,20.45593376159668,2.3,2.0
195.28931140899658,5.45593376159668,2.3,2.0
195.41647863388062,20.45593376159668,2.0,2.0
195.54564762115479,5.45593376159668,2.7,2.0
195.67646384239197,5.45593376159668,1.9,2.0
195.80957865715027,5.455979537963867,2.3,2.0
195.93658208847046,5.455979537963867,2.7,2.0
196.06526899337769,5.455979537963867,2.0,2.0
196.1960608959198,5.455979537963867,2.3,2.0
196.32792782783508,5.455979537963867,1.9,2.0
196.4549617767334,5.455979537963867,2.4,2.0
196.58368039131165,5.455979537963867,2.7,2.0
196.7140097618103,7.955979537963867,1.9,3.0
196.8469409942627,7.955979537963867,2.3,3.0
196.97415566444397,7.955979537963867,3.6,3.0
197.10258221626282,7.955979537963867,2.0,3.0
197.23320984840393,7.955979537963867,1.9,3.0
197.3649685382843,7.955979537963867,2.3,3.0
197.49190068244934,7.955979537963867,2.4,3.0
197.62131428718567,7.955979537963867,1.9,3.0
197.7525131702423,7.955979537963867,1.9,3.0
197.87901544570923,7.955979537963867,2.4,3.0
198.00610995292664,7.955979537963867,2.0,3.0
198.1369526386261,7.955979537963867,2.3,3.0
198.26469254493713,7.955979537963867,2.4,3.0
198.39547657966614,7.955979537963867,1.9,3.0
198.52274703979492,7.955979537963867,2.0,3.0
198.6495702266693,7.955979537963867,2.0,3.0
198.77684354782104,2.9559795379638674,2.4,1.0
198.90363430976868,2.9559795379638674,1.6,1.0
199.03048300743103,17.955979537963866,2.0,1.0
199.15683317184448,2.9559795379638674,2.0,1.0
199.28430843353271,2.9559795379638674,2.4,1.0
199.4116508960724,2.956025314331055,1.6,1.0
199.53891324996948,2.956025314331055,2.4,1.0
199.6663465499878,2.956025314331055,2.0,1.0
199.79691863059998,2.956025314331055,1.9,1.0
199.92436146736145,2.956025314331055,2.0,1.0
200.05150437355042,2.956025314331055,2.0,1.0
200.1784062385559,2.956025314331055,2.0,1.0
200.3048448562622,2.956025314331055,1.6,1.0
200.43211579322815,2.956025314331055,2.0,1.0
200.55876398086548,32.95602531433106,3.2,1.0
200.68663692474365,2.956025314331055,2.3,1.0
200.81419682502747,7.956025314331055,1.6,3.0
200.94078516960144,7.956025314331055,2.8,3.0
201.06832003593445,7.956025314331055,2.0,3.0
201.19504642486572,7.956025314331055,2.4,3.0
201.32192015647888,7.956025314331055,1.6,3.0
201.4489459991455,22.956025314331054,2.0,3.0
201.57616424560547,7.956025314331055,2.0,3.0
201.70307803153992,7.956025314331055,2.0,3.0
201.82994985580444,7.956025314331055,2.0,3.0
201.95641207695007,7.956025314331055,2.0,3.0
202.0822081565857,7.956025314331055,3.2,3.0
202.2082073688507,7.956025314331055,2.4,3.0
202.33472561836243,7.956025314331055,2.0,3.0
202.46169447898865,7.956025314331055,2.0,3.0
202.5883274078369,7.956025314331055,2.0,3.0
202.71519470214844,7.956025314331055,2.0,3.0
202.84156465530396,7.956025314331055,2.0,3.0
202.9685628414154,22.956025314331054,2.0,3.0
203.09573364257812,7.956025314331055,2.0,3.0
203.22208523750305,7.956025314331055,2.0,3.0
203.34897565841675,7.956025314331055,1.6,3.0
203.47599864006042,7.956025314331055,2.0,3.0
203.60244488716125,7.956025314331055,2.4,3.0
203.72970247268677,7.956025314331055,2.0,3.0
203.8569815158844,7.956025314331055,2.0,3.0
203.9838571548462,7.956025314331055,2.4,3.0
204.11064219474792,7.956025314331055,1.6,3.0
204.23733520507812,7.956025314331055,2.4,3.0
204.36395740509033,7.956025314331055,1.6,3.0
204.4907329082489,7.956025314331055,2.0,3.0
204.61752796173096,7.956025314331055,2.8,3.0
204.74384236335754,7.956025314331055,2.0,3.0
204.87136220932007,7.956025314331055,2.0,3.0
204.99814796447754,7.956071090698242,2.0,3.0
205.12558221817017,7.956071090698242,2.0,3.0
205.2532444000244,7.956071090698242,2.0,3.0
205.38068056106567,7.956071090698242,2.4,3.0
205.5070402622223,7.956071090698242,1.2,3.0
205.63441014289856,7.956071090698242,2.3,3.0
205.76350593566895,5.456071090698242,2.3,2.0
205.89306783676147,5.456071090698242,2.3,2.0
